Workbook

Sheet MDL Filtered Raw
A1: Element | B1: Li7 | C1: B11 | D1: Na23 | E1: Mg24 | F1: Al27 | G1: Si29 | H1: P31 | I1: K39 | J1: Ca43 | K1: Sc45 | L1: Ti47 | M1: V51 | N1: Mn55 | O1: Fe57 | P1: As75 | Q1: Rb85 | R1: Sr88 | S1: Y89 | T1: Zr90 | U1: Nb93 | V1: Cs133 | W1: Ba138 | X1: La139 | Y1: Ce140 | Z1: Pr141 | AA1: Nd146 | AB1: Sm147 | AC1: Eu151 | AD1: Gd157 | AE1: Tb159 | AF1: Dy163 | AG1: Ho165 | AH1: Er166 | AI1: Tm169 | AJ1: Yb172 | AK1: Lu175 | AL1: Hf178 | AM1: Ta181 | AN1: Pb208 | AO1: Th232 | AP1: U238
A2: 001N612 | B2: 30.66 | C2: 17.8 | D2: 87723.91 | E2: 56.61 | F2: 10153.24 | G2: 274975.25 | H2: 35.11 | I2: <21.40 | J2: 85048.7 | K2: 41.82 | L2: 47.08 | M2: 34.76 | N2: 33.94 | O2: 174.63 | P2: 10.88 | Q2: 27.33 | R2: 77.66 | S2: 42.7 | T2: 40.98 | U2: 38.69 | V2: 37.38 | W2: 37.96 | X2: 34.39 | Y2: 36.26 | Z2: 37.41 | AA2: 37.49 | AB2: 36.74 | AC2: 36.27 | AD2: 38.4 | AE2: 40.22 | AF2: 37.82 | AG2: 41.37 | AH2: 41.73 | AI2: 41.02 | AJ2: 44.17 | AK2: 41.1 | AL2: 39.38 | AM2: 41.53 | AN2: 34.17 | AO2: 41.86 | AP2: 35.16
A3: 002N612 | B3: 30.18 | C3: 17.9 | D3: 86950.13 | E3: 53.83 | F3: 9977.2 | G3: 274332.56 | H3: 31.7 | I3: <21.20 | J3: 85048.7 | K3: 42.45 | L3: 45.56 | M3: 35.21 | N3: 33.32 | O3: 165.55 | P3: 10.89 | Q3: 27.68 | R3: 78.62 | S3: 42.83 | T3: 41.06 | U3: 39.05 | V3: 37.56 | W3: 37.79 | X3: 34.35 | Y3: 36.69 | Z3: 38.1 | AA3: 36.17 | AB3: 37.97 | AC3: 35.49 | AD3: 39.53 | AE3: 40.58 | AF3: 39.02 | AG3: 40.37 | AH3: 40.83 | AI3: 40.4 | AJ3: 43.45 | AK3: 41.48 | AL3: 39.58 | AM3: 41.01 | AN3: 34.53 | AO3: 41.48 | AP3: 35.55
A4: 003N612 | B4: 29.6 | C4: 17.75 | D4: 87703.38 | E4: 57.83 | F4: 10274.38 | G4: 277987.41 | H4: 34.38 | I4: <21.54 | J4: 85048.7 | K4: 41.36 | L4: 44.58 | M4: 34.32 | N4: 34.39 | O4: 170.15 | P4: 10.69 | Q4: 27.43 | R4: 78.83 | S4: 43.42 | T4: 40.74 | U4: 39.45 | V4: 37 | W4: 38.64 | X4: 34.65 | Y4: 37.02 | Z4: 37.48 | AA4: 35.92 | AB4: 37.77 | AC4: 35.88 | AD4: 40.25 | AE4: 40.35 | AF4: 38.12 | AG4: 40.42 | AH4: 41.39 | AI4: 40.87 | AJ4: 42.62 | AK4: 40.34 | AL4: 39.35 | AM4: 41.47 | AN4: 34.37 | AO4: 40.64 | AP4: 34.66
A5: 004KL2 | B5: 5.21 | C5: 10.95 | D5: 17091.78 | E5: 43329.79 | F5: 68000.88 | G5: 227196.58 | H5: 977.73 | I5: 4196.2 | J5: 77901.7 | K5: 31.16 | L5: 15566.6 | M5: 312.43 | N5: 1303.11 | O5: 81991.84 | P5: 0.165 | Q5: 8.56 | R5: 351.98 | S5: 24.42 | T5: 158.89 | U5: 15.42 | V5: 0.122 | W5: 122.36 | X5: 12.99 | Y5: 33.23 | Z5: 4.41 | AA5: 21.36 | AB5: 5.49 | AC5: 1.88 | AD5: 5.94 | AE5: 0.844 | AF5: 5.15 | AG5: 0.94 | AH5: 2.41 | AI5: 0.288 | AJ5: 2.1 | AK5: 0.261 | AL5: 3.72 | AM5: 0.934 | AN5: 2.06 | AO5: 0.913 | AP5: 0.636
A6: 005KL2 | B6: 5.22 | C6: 2.48 | D6: 17245.47 | E6: 44940.31 | F6: 69620.05 | G6: 233055.86 | H6: 919.53 | I6: 4019.08 | J6: 77901.7 | K6: 31.98 | L6: 15304.21 | M6: 310.73 | N6: 1286.29 | O6: 82919.68 | P6: 0.107 | Q6: 8.89 | R6: 353.77 | S6: 24.97 | T6: 147.91 | U6: 14.71 | V6: 0.11 | W6: 123.03 | X6: 13.2 | Y6: 31.48 | Z6: 4.63 | AA6: 21.51 | AB6: 5.69 | AC6: 1.83 | AD6: 5.69 | AE6: 0.889 | AF6: 5.19 | AG6: 0.96 | AH6: 2.49 | AI6: 0.33 | AJ6: 2.08 | AK6: 0.288 | AL6: 3.69 | AM6: 0.936 | AN6: 2.08 | AO6: 0.977 | AP6: 0.558
A7: 006KL2 | B7: 5.23 | C7: 2.07 | D7: 18130.38 | E7: 46158.29 | F7: 72111.45 | G7: 241409.72 | H7: 956.5 | I7: 4085.24 | J7: 77901.7 | K7: 31.86 | L7: 15292.14 | M7: 314.17 | N7: 1316.63 | O7: 85107.55 | P7: 0.199 | Q7: 9.14 | R7: 362.8 | S7: 25.12 | T7: 149.61 | U7: 15.33 | V7: 0.11 | W7: 123.64 | X7: 12.47 | Y7: 32.16 | Z7: 4.63 | AA7: 21.58 | AB7: 5.58 | AC7: 1.95 | AD7: 6.14 | AE7: 0.907 | AF7: 4.97 | AG7: 0.859 | AH7: 2.57 | AI7: 0.341 | AJ7: 2.04 | AK7: 0.295 | AL7: 3.87 | AM7: 0.97 | AN7: 2.11 | AO7: 1.05 | AP7: 0.575
A8: 007BM90 | B8: 2.02 | C8: 1.67 | D8: 872.46 | E8: 208008.56 | F8: 12476.81 | G8: 241693.27 | H8: 18.41 | I8: <24.43 | J8: 15008.72 | K8: 16.53 | L8: 367.15 | M8: 56 | N8: 835.55 | O8: 56222.92 | P8: 0.104 | Q8: 0.262 | R8: 0.669 | S8: 2.21 | T8: 20.02 | U8: 0.022 | V8: 0.84 | W8: 0.463 | X8: 0.215 | Y8: 0.414 | Z8: 0.0784 | AA8: 0.412 | AB8: 0.107 | AC8: 0.0436 | AD8: 0.282 | AE8: 0.0438 | AF8: 0.359 | AG8: 0.084 | AH8: 0.216 | AI8: 0.0425 | AJ8: 0.301 | AK8: 0.0561 | AL8: 0.59 | AM8: 0.0046 | AN8: 0.475 | AO8: 0.056 | AP8: 0.085
A9: 008BM90 | B9: 1.72 | C9: 1.76 | D9: 868.99 | E9: 208148.02 | F9: 12030.06 | G9: 241599.27 | H9: 17.81 | I9: <25.01 | J9: 15008.72 | K9: 16.46 | L9: 348.62 | M9: 55.91 | N9: 843.48 | O9: 56710.61 | P9: <0.074 | Q9: 0.304 | R9: 0.65 | S9: 2.32 | T9: 19.52 | U9: <0.0218 | V9: 0.9 | W9: 0.44 | X9: 0.177 | Y9: 0.443 | Z9: 0.0734 | AA9: 0.389 | AB9: 0.151 | AC9: 0.0526 | AD9: 0.28 | AE9: 0.0453 | AF9: 0.387 | AG9: 0.091 | AH9: 0.258 | AI9: 0.0465 | AJ9: 0.318 | AK9: 0.0548 | AL9: 0.543 | AM9: <0.0062 | AN9: 0.479 | AO9: 0.0545 | AP9: 0.072
A10: 009GOR132 | B10: 8.87 | C10: 11.71 | D10: 6672.55 | E10: 142794.02 | F10: 57438.87 | G10: 218643.95 | H10: 118.34 | I10: 189.71 | J10: 60392.23 | K10: 35.59 | L10: 1785.51 | M10: 233.08 | N10: 1251.49 | O10: 86376.49 | P10: 0.141 | Q10: 2.31 | R10: 15.82 | S10: 13.19 | T10: 9.58 | U10: 0.069 | V10: 8.21 | W10: 0.868 | X10: 0.093 | Y10: 0.344 | Z10: 0.088 | AA10: 0.743 | AB10: 0.486 | AC10: 0.262 | AD10: 1.14 | AE10: 0.215 | AF10: 2.08 | AG10: 0.489 | AH10: 1.6 | AI10: 0.229 | AJ10: 1.42 | AK10: 0.232 | AL10: 0.348 | AM10: 0.0362 | AN10: 22.24 | AO10: 0.0075 | AP10: 0.051
A11: 010GOR132 | B11: 8.99 | C11: 11.28 | D11: 6319.15 | E11: 138234.5 | F11: 56407.36 | G11: 212192.69 | H11: 111.61 | I11: 165.22 | J11: 60392.23 | K11: 34.88 | L11: 1743.55 | M11: 220.64 | N11: 1203.94 | O11: 83189.79 | P11: 0.107 | Q11: 2.15 | R11: 15.1 | S11: 13.12 | T11: 9.84 | U11: 0.0263 | V11: 8.04 | W11: 0.683 | X11: 0.08 | Y11: 0.311 | Z11: 0.0847 | AA11: 0.609 | AB11: 0.511 | AC11: 0.278 | AD11: 1.27 | AE11: 0.264 | AF11: 2.03 | AG11: 0.504 | AH11: 1.55 | AI11: 0.222 | AJ11: 1.54 | AK11: 0.229 | AL11: 0.323 | AM11: 0.0259 | AN11: 21.39 | AO11: <0.0051 | AP11: 0.066
A12: 011GOR128 | B12: 10.12 | C12: 14.42 | D12: 4600.63 | E12: 147788.48 | F12: 50541.61 | G12: 213893.53 | H12: 86.35 | I12: 246.9 | J12: 44597.34 | K12: 30.37 | L12: 1671.98 | M12: 183.08 | N12: 1441.6 | O12: 84292.74 | P12: 0.126 | Q12: 0.338 | R12: 29.01 | S12: 11.38 | T12: 9.33 | U12: 0.115 | V12: 0.208 | W12: 0.956 | X12: 0.104 | Y12: 0.402 | Z12: 0.094 | AA12: 0.659 | AB12: 0.444 | AC12: 0.279 | AD12: 1.34 | AE12: 0.224 | AF12: 1.86 | AG12: 0.407 | AH12: 1.38 | AI12: 0.198 | AJ12: 1.21 | AK12: 0.181 | AL12: 0.345 | AM12: 0.0178 | AN12: 0.308 | AO12: <0.0152 | AP12: 0.0109
A13: 012GOR128 | B13: 11.13 | C13: 16.56 | D13: 5316.96 | E13: 203682.8 | F13: 54948.23 | G13: 247541.09 | H13: 94.16 | I13: 243.42 | J13: 44597.34 | K13: 32.09 | L13: 1751.93 | M13: 197.64 | N13: 1506.44 | O13: 85512.35 | P13: 0.212 | Q13: 0.48 | R13: 31.9 | S13: 11.45 | T13: 9.79 | U13: 0.112 | V13: 0.241 | W13: 1.2 | X13: 0.106 | Y13: 0.439 | Z13: 0.082 | AA13: 0.696 | AB13: 0.509 | AC13: 0.245 | AD13: 1.11 | AE13: 0.243 | AF13: 1.9 | AG13: 0.431 | AH13: 1.33 | AI13: 0.188 | AJ13: 1.38 | AK13: 0.202 | AL13: 0.359 | AM13: 0.0176 | AN13: 0.307 | AO13: <0.0108 | AP13: <0.0073
A14: 013BCR2G | B14: 7.61 | C14: 2.89 | D14: 22549.58 | E14: 20741.1 | F14: 71778.97 | G14: 238369.95 | H14: 1266 | I14: 14150.35 | J14: 50900 | K14: 34.51 | L14: 13547.25 | M14: 401.47 | N14: 1453.95 | O14: 87000.51 | P14: 0.48 | Q14: 46.32 | R14: 336.82 | S14: 36.28 | T14: 183.53 | U14: 12.04 | V14: 1.18 | W14: 672.95 | X14: 23.96 | Y14: 51.39 | Z14: 6.45 | AA14: 28.41 | AB14: 6.08 | AC14: 1.91 | AD14: 6.75 | AE14: 1.008 | AF14: 6.58 | AG14: 1.36 | AH14: 3.72 | AI14: 0.535 | AJ14: 3.53 | AK14: 0.498 | AL14: 5 | AM14: 0.788 | AN14: 10.52 | AO14: 6.08 | AP14: 1.6
A15: 014BCR2G | B15: 7.41 | C15: 3.94 | D15: 22769.95 | E15: 20394.13 | F15: 70870.83 | G15: 243901.92 | H15: 1367.88 | I15: 14391.35 | J15: 50900 | K15: 35.09 | L15: 13583.31 | M15: 404.07 | N15: 1430.87 | O15: 87447.33 | P15: 0.53 | Q15: 46.08 | R15: 334.46 | S15: 35.84 | T15: 182.19 | U15: 12.5 | V15: 1.09 | W15: 660.47 | X15: 23.92 | Y15: 50.78 | Z15: 6.46 | AA15: 28.55 | AB15: 6.25 | AC15: 1.94 | AD15: 6.73 | AE15: 1.035 | AF15: 6.31 | AG15: 1.28 | AH15: 3.68 | AI15: 0.54 | AJ15: 3.52 | AK15: 0.539 | AL15: 4.9 | AM15: 0.835 | AN15: 11.08 | AO15: 6.19 | AP15: 1.72
A16: 015MC22-1-16 | B16: 5.1 | C16: 1.22 | D16: 20562.38 | E16: 232828.48 | F16: 68050.4 | G16: 284910.28 | H16: 2543.37 | I16: 9764.58 | J16: 88337.04 | K16: 38.06 | L16: 19325.18 | M16: 308.06 | N16: 2454.12 | O16: 147266.05 | P16: 0.71 | Q16: 29.62 | R16: 887.36 | S16: 20.75 | T16: 291.34 | U16: 93.89 | V16: 0.344 | W16: 400.57 | X16: 62.11 | Y16: 127.59 | Z16: 14.66 | AA16: 57.33 | AB16: 9.25 | AC16: 2.88 | AD16: 6.8 | AE16: 0.877 | AF16: 4.62 | AG16: 0.88 | AH16: 2.47 | AI16: 0.262 | AJ16: 1.37 | AK16: 0.288 | AL16: 6.86 | AM16: 4.96 | AN16: 11.88 | AO16: 7.32 | AP16: 1.88
A17: 016MC22-1-20 | B17: 3.67 | C17: 1.34 | D17: 19468.77 | E17: 28620.62 | F17: 70750.84 | G17: 168647.69 | H17: 1732 | I17: 8132.88 | J17: 96484.63 | K17: 36.79 | L17: 25114.34 | M17: 373.63 | N17: 1104.18 | O17: 64490.9 | P17: 0.36 | Q17: 22 | R17: 748.44 | S17: 30.41 | T17: 307.45 | U17: 63.65 | V17: 0.249 | W17: 308.48 | X17: 42.6 | Y17: 88.95 | Z17: 11.22 | AA17: 52.14 | AB17: 10.29 | AC17: 3.08 | AD17: 7.41 | AE17: 1.06 | AF17: 6.56 | AG17: 1.16 | AH17: 2.98 | AI17: 0.336 | AJ17: 2.04 | AK17: 0.375 | AL17: 7.63 | AM17: 3.54 | AN17: 6.07 | AO17: 4.58 | AP17: 1.27
A18: 017MC22-1-21 | B18: 4.47 | C18: 0.95 | D18: 15344.5 | E18: 107028.45 | F18: 59117.61 | G18: 189700.77 | H18: 1182.82 | I18: 5739.62 | J18: 94269.05 | K18: 33.69 | L18: 23916.99 | M18: 287.85 | N18: 1806.7 | O18: 109588.72 | P18: 0.37 | Q18: 11.69 | R18: 3855.13 | S18: 24.87 | T18: 275.61 | U18: 57.6 | V18: 0.137 | W18: 368.46 | X18: 37.45 | Y18: 78.94 | Z18: 10.63 | AA18: 50.12 | AB18: 9.81 | AC18: 2.45 | AD18: 6.11 | AE18: 0.839 | AF18: 6.06 | AG18: 1.04 | AH18: 2.46 | AI18: 0.308 | AJ18: 1.92 | AK18: 0.391 | AL18: 5.96 | AM18: 2.8 | AN18: 8.99 | AO18: 4.65 | AP18: 1.17
A19: 018MC22-1-26 | B19: 7.33 | C19: 1.54 | D19: 30900.85 | E19: 30189.96 | F19: 80352.15 | G19: 207945.72 | H19: 2456.18 | I19: 11276.95 | J19: 95484.05 | K19: 30.08 | L19: 18899.87 | M19: 284.17 | N19: 1501.65 | O19: 82007.19 | P19: 0.69 | Q19: 38.32 | R19: 1183.1 | S19: 35.05 | T19: 395.12 | U19: 95.9 | V19: 0.47 | W19: 481.34 | X19: 75.35 | Y19: 150.79 | Z19: 17.47 | AA19: 67.86 | AB19: 11.77 | AC19: 3.56 | AD19: 10.14 | AE19: 1.35 | AF19: 7.44 | AG19: 1.28 | AH19: 3.32 | AI19: 0.465 | AJ19: 2.68 | AK19: 0.36 | AL19: 8.82 | AM19: 5.9 | AN19: 5.22 | AO19: 8.82 | AP19: 2.08
A20: 019MC22-1-26B | B20: 7.07 | C20: 1.82 | D20: 30029.12 | E20: 31361.74 | F20: 78365.78 | G20: 204026.72 | H20: 2441.65 | I20: 11191.87 | J20: 95484.05 | K20: 30.82 | L20: 18538.85 | M20: 279.02 | N20: 1483.01 | O20: 79970.2 | P20: 0.72 | Q20: 36.3 | R20: 1169.94 | S20: 35.21 | T20: 397.16 | U20: 94.46 | V20: 0.44 | W20: 469.34 | X20: 74.06 | Y20: 147.83 | Z20: 17.53 | AA20: 67.29 | AB20: 11.83 | AC20: 3.42 | AD20: 10.12 | AE20: 1.38 | AF20: 7.24 | AG20: 1.28 | AH20: 3.09 | AI20: 0.429 | AJ20: 2.73 | AK20: 0.389 | AL20: 8.72 | AM20: 5.85 | AN20: 18.13 | AO20: 9.01 | AP20: 1.91
A21: 020MC22-1-27 | B21: 5.7 | C21: 1.57 | D21: 25121.98 | E21: 21731.77 | F21: 70488.98 | G21: 174514.03 | H21: 2268.46 | I21: 12721.8 | J21: 75615.36 | K21: 17.93 | L21: 16016.61 | M21: 212.8 | N21: 1259.88 | O21: 66244.79 | P21: 0.72 | Q21: 39.7 | R21: 1241.61 | S21: 31.82 | T21: 372.44 | U21: 85.9 | V21: 0.48 | W21: 453.51 | X21: 63.43 | Y21: 144.71 | Z21: 18.79 | AA21: 65.85 | AB21: 9.82 | AC21: 2.88 | AD21: 7.73 | AE21: 1.26 | AF21: 6.21 | AG21: 1.09 | AH21: 2.58 | AI21: 0.342 | AJ21: 2.47 | AK21: 0.286 | AL21: 6.55 | AM21: 4.71 | AN21: 21.82 | AO21: 7.71 | AP21: 1.66
A22: 021MC22-2-1 | B22: 5.2 | C22: 0.96 | D22: 17005.31 | E22: 519711.91 | F22: 76921.13 | G22: 491516.72 | H22: 1786.53 | I22: 8273.93 | J22: 90052.32 | K22: 47.17 | L22: 16352.89 | M22: 214.67 | N22: 3556.48 | O22: 219087.5 | P22: 0.31 | Q22: 15.78 | R22: 760.17 | S22: 29.94 | T22: 298.4 | U22: 48.69 | V22: 0.174 | W22: 187.02 | X22: 29.03 | Y22: 80.21 | Z22: 11.87 | AA22: 50.02 | AB22: 7.34 | AC22: 1.91 | AD22: 5.37 | AE22: 1.19 | AF22: 5.18 | AG22: 0.77 | AH22: 1.61 | AI22: 0.225 | AJ22: 2.88 | AK22: 0.294 | AL22: 5.63 | AM22: 2.14 | AN22: 100.83 | AO22: 3.68 | AP22: 0.98
A23: 022MC22-2-5 | B23: 3.61 | C23: 0.88 | D23: 23006.44 | E23: 31592.42 | F23: 71867.45 | G23: 170653.77 | H23: 1900.95 | I23: 9979.52 | J23: 88194.09 | K23: 31.71 | L23: 19300.11 | M23: 286.62 | N23: 1039.76 | O23: 64840.56 | P23: 0.46 | Q23: 27.29 | R23: 883.03 | S23: 25.18 | T23: 288.92 | U23: 80.93 | V23: 0.303 | W23: 380.46 | X23: 62.77 | Y23: 120.21 | Z23: 13.43 | AA23: 50.92 | AB23: 7.93 | AC23: 2.32 | AD23: 7.15 | AE23: 1.035 | AF23: 5.13 | AG23: 0.92 | AH23: 2.41 | AI23: 0.298 | AJ23: 2.11 | AK23: 0.269 | AL23: 6.41 | AM23: 4.76 | AN23: 3.72 | AO23: 6.61 | AP23: 1.5
A24: 023MC22-2-8 | B24: 3.09 | C24: 5.8 | D24: 11938.23 | E24: 136057.78 | F24: 45683.98 | G24: 208577.73 | H24: 1904.76 | I24: 7952.87 | J24: 93482.88 | K24: 28.16 | L24: 16378.47 | M24: 241.05 | N24: 1659.64 | O24: 107640.5 | P24: 0.69 | Q24: 16.06 | R24: 742.53 | S24: 19.86 | T24: 246.33 | U24: 86.19 | V24: 0.167 | W24: 252.32 | X24: 42.65 | Y24: 85.75 | Z24: 12.43 | AA24: 52.15 | AB24: 8.04 | AC24: 2.21 | AD24: 5.06 | AE24: 0.79 | AF24: 4.63 | AG24: 0.541 | AH24: 1.92 | AI24: 0.218 | AJ24: 1.79 | AK24: 0.157 | AL24: 4.03 | AM24: 3.56 | AN24: 153.69 | AO24: 6.04 | AP24: 1.38
A25: 024KL2 | B25: 5.07 | C25: 2.67 | D25: 18232.34 | E25: 45009.12 | F25: 73842.78 | G25: 243282.55 | H25: 1137.23 | I25: 3938.91 | J25: 77901.7 | K25: 31.33 | L25: 15301.9 | M25: 304.17 | N25: 1274.33 | O25: 88705.16 | P25: 0.19 | Q25: 8.58 | R25: 359 | S25: 26.11 | T25: 154.58 | U25: 14.98 | V25: 0.115 | W25: 131.64 | X25: 14.4 | Y25: 33.36 | Z25: 4.64 | AA25: 21.81 | AB25: 5.53 | AC25: 1.91 | AD25: 6.13 | AE25: 0.939 | AF25: 5.54 | AG25: 1.03 | AH25: 2.73 | AI25: 0.361 | AJ25: 2.14 | AK25: 0.305 | AL25: 4.51 | AM25: 1.05 | AN25: 2.17 | AO25: 1.09 | AP25: 0.513
... A42: 042KL2 | B42: 4.48 | C42: 2.24 | D42: 16538.59 | E42: 41223.55 | F42: 67925.31 | G42: 230785.91 | H42: 963.73 | I42: 4043.26 | J42: 77901.69 | K42: 31.62 | L42: 14438.25 | M42: 281.27 | N42: 1156.76 | O42: 75409.52 | P42: 0.124 | Q42: 8.5 | R42: 341 | S42: 26.36 | T42: 155.92 | U42: 13.88 | V42: 0.127 | W42: 107.87 | X42: 11.96 | Y42: 29.97 | Z42: 4.4 | AA42: 21 | AB42: 5.39 | AC42: 1.72 | AD42: 5.81 | AE42: 0.842 | AF42: 5.2 | AG42: 0.9 | AH42: 2.23 | AI42: 0.315 | AJ42: 2.23 | AK42: 0.292 | AL42: 3.91 | AM42: 0.89 | AN42: 1.88 | AO42: 1.02 | AP42: 0.438
A43: 043GOR132 | B43: 8.93 | C43: 15 | D43: 6291.95 | E43: 139167.44 | F43: 56518.28 | G43: 210152.63 | H43: 125.28 | I43: 175.82 | J43: 60392.23 | K43: 33.48 | L43: 1809.47 | M43: 228.15 | N43: 1230.28 | O43: 81603.91 | P43: 0.145 | Q43: 2.04 | R43: 15.38 | S43: 12.05 | T43: 9.11 | U43: 0.044 | V43: 7.8 | W43: 0.811 | X43: 0.079 | Y43: 0.354 | Z43: 0.0848 | AA43: 0.563 | AB43: 0.481 | AC43: 0.254 | AD43: 1.11 | AE43: 0.231 | AF43: 2.13 | AG43: 0.446 | AH43: 1.42 | AI43: 0.226 | AJ43: 1.42 | AK43: 0.204 | AL43: 0.362 | AM43: 0.0202 | AN43: 21.97 | AO43: <0.0086 | AP43: 0.051
A44: 044KL2 | B44: 5.07 | C44: 2.28 | D44: 17274.14 | E44: 43054.39 | F44: 68768.38 | G44: 238980.2 | H44: 1008.25 | I44: 4070.78 | J44: 77901.68 | K44: 32.54 | L44: 15758.94 | M44: 313.24 | N44: 1277.02 | O44: 82468.35 | P44: 0.22 | Q44: 8.79 | R44: 347.28 | S44: 25.28 | T44: 146.94 | U44: 15.23 | V44: 0.132 | W44: 122.1 | X44: 13.01 | Y44: 31.82 | Z44: 4.59 | AA44: 21.38 | AB44: 5.44 | AC44: 1.95 | AD44: 6.02 | AE44: 0.87 | AF44: 5.06 | AG44: 1 | AH44: 2.53 | AI44: 0.32 | AJ44: 1.97 | AK44: 0.285 | AL44: 4.14 | AM44: 0.92 | AN44: 2.13 | AO44: 1.01 | AP44: 0.474
A45: 045KL2 | B45: 4.99 | C45: 2.47 | D45: 17742.6 | E45: 43981.13 | F45: 69712.15 | G45: 240256.08 | H45: 1042.94 | I45: 3973.53 | J45: 77901.69 | K45: 31.49 | L45: 15681.25 | M45: 310.46 | N45: 1267.86 | O45: 84367.95 | P45: 0.155 | Q45: 8.93 | R45: 352.89 | S45: 24.92 | T45: 148.61 | U45: 14.96 | V45: 0.126 | W45: 119.61 | X45: 12.62 | Y45: 32.14 | Z45: 4.44 | AA45: 20.11 | AB45: 5.31 | AC45: 1.91 | AD45: 5.7 | AE45: 0.864 | AF45: 5.03 | AG45: 0.9 | AH45: 2.55 | AI45: 0.34 | AJ45: 2.06 | AK45: 0.323 | AL45: 3.97 | AM45: 0.9 | AN45: 2.06 | AO45: 1.03 | AP45: 0.502
A46: 046KL2 | B46: 5.13 | C46: 2.9 | D46: 17731.5 | E46: 44485.9 | F46: 68889.89 | G46: 237803.67 | H46: 1026.99 | I46: 4027.16 | J46: 77901.69 | K46: 31.07 | L46: 15243.38 | M46: 309.66 | N46: 1275.52 | O46: 85911.7 | P46: 0.165 | Q46: 8.64 | R46: 350.88 | S46: 24.52 | T46: 148.25 | U46: 14.96 | V46: 0.102 | W46: 120.9 | X46: 12.85 | Y46: 31.96 | Z46: 4.43 | AA46: 20.59 | AB46: 5.16 | AC46: 1.86 | AD46: 6.07 | AE46: 0.854 | AF46: 4.77 | AG46: 0.93 | AH46: 2.53 | AI46: 0.315 | AJ46: 2.07 | AK46: 0.256 | AL46: 3.59 | AM46: 0.92 | AN46: 2.09 | AO46: 1 | AP46: 0.514
A47: 047GOR128 | B47: 9.24 | C47: 17.88 | D47: 4404.9 | E47: 141464.02 | F47: 52126.84 | G47: 197711.66 | H47: 80.03 | I47: 206.4 | J47: 44597.33 | K47: 29.57 | L47: 1726.76 | M47: 186.72 | N47: 1363.61 | O47: 76592.48 | P47: <0.076 | Q47: 0.364 | R47: 29.94 | S47: 11 | T47: 8.98 | U47: 0.097 | V47: 0.194 | W47: 1.02 | X47: 0.113 | Y47: 0.453 | Z47: 0.0767 | AA47: 0.724 | AB47: 0.505 | AC47: 0.271 | AD47: 1.09 | AE47: 0.234 | AF47: 1.82 | AG47: 0.401 | AH47: 1.32 | AI47: 0.156 | AJ47: 1.18 | AK47: 0.167 | AL47: 0.344 | AM47: 0.0166 | AN47: 0.31 | AO47: <0.0067 | AP47: 0.0095
A48: 048MC59-1-2A | B48: 9.79 | C48: 2.62 | D48: 44626.88 | E48: 59173.95 | F48: 106219.51 | G48: 253006.88 | H48: 3797.93 | I48: 22731.52 | J48: 64751.9 | K48: 16.17 | L48: 20015.58 | M48: 176.06 | N48: 1745.18 | O48: 77952.2 | P48: 1.01 | Q48: 69.05 | R48: 1197.36 | S48: 39.48 | T48: 460.83 | U48: 143.83 | V48: 0.58 | W48: 697.19 | X48: 111.63 | Y48: 237.74 | Z48: 26.36 | AA48: 92 | AB48: 13.79 | AC48: 4.35 | AD48: 11.63 | AE48: 1.68 | AF48: 8.1 | AG48: 1.43 | AH48: 3.5 | AI48: 0.53 | AJ48: 3.58 | AK48: 0.427 | AL48: 8.21 | AM48: 8.65 | AN48: 10.37 | AO48: 11.27 | AP48: 2.9
A49: 049MC59-2-1A | B49: 4.3 | C49: 2.32 | D49: 27329.81 | E49: 21154.34 | F49: 81745.2 | G49: 190084.97 | H49: 4388.04 | I49: 8578.81 | J49: 114137.73 | K49: 34.87 | L49: 23252.36 | M49: 350.26 | N49: 966.41 | O49: 58572.9 | P49: 0.4 | Q49: 22.02 | R49: 633.7 | S49: 28.57 | T49: 224.41 | U49: 41.96 | V49: 0.281 | W49: 275.03 | X49: 27.44 | Y49: 64.62 | Z49: 9.07 | AA49: 41.34 | AB49: 9.3 | AC49: 2.94 | AD49: 8.13 | AE49: 1.08 | AF49: 5.86 | AG49: 1.17 | AH49: 2.71 | AI49: 0.418 | AJ49: 2.34 | AK49: 0.309 | AL49: 5.44 | AM49: 2.56 | AN49: 2.8 | AO49: 2.4 | AP49: 0.86
A50: 050MC59-2-6A | B50: 6.87 | C50: 3.75 | D50: 33087.27 | E50: 40047.36 | F50: 96657.41 | G50: 224707.58 | H50: 6166.63 | I50: 35982.24 | J50: 76830.34 | K50: 22.48 | L50: 13132.22 | M50: 313.52 | N50: 1453.86 | O50: 74932.47 | P50: 1.45 | Q50: 121.2 | R50: 2279.12 | S50: 32.23 | T50: 459.44 | U50: 250.89 | V50: 1.49 | W50: 1424.14 | X50: 133.39 | Y50: 199.02 | Z50: 19.07 | AA50: 63.42 | AB50: 10.39 | AC50: 3.22 | AD50: 8 | AE50: 1.03 | AF50: 6.2 | AG50: 1.27 | AH50: 3.54 | AI50: 0.47 | AJ50: 3.54 | AK50: 0.515 | AL50: 10.88 | AM50: 16.64 | AN50: 11.58 | AO50: 22.82 | AP50: 5.63
A51: 051MC59-9-1A | B51: 5.87 | C51: 2.75 | D51: 30135.31 | E51: 32786.87 | F51: 86921.61 | G51: 211769.61 | H51: 1809.58 | I51: 9777.27 | J51: 108420.13 | K51: 35.08 | L51: 21476.94 | M51: 331.23 | N51: 1091.11 | O51: 64955.32 | P51: 0.94 | Q51: 37.14 | R51: 1083.29 | S51: 28.8 | T51: 374.14 | U51: 109.45 | V51: 0.52 | W51: 486.48 | X51: 81.54 | Y51: 158.46 | Z51: 16.78 | AA51: 60.77 | AB51: 9.95 | AC51: 3.32 | AD51: 8.51 | AE51: 1.09 | AF51: 6.53 | AG51: 1.14 | AH51: 2.66 | AI51: 0.371 | AJ51: 2.31 | AK51: 0.282 | AL51: 8.81 | AM51: 6.35 | AN51: 3.79 | AO51: 9.51 | AP51: 2.63
A52: 052MC59-9-1B | B52: 5.53 | C52: 2.92 | D52: 31089.67 | E52: 87649.75 | F52: 86524.04 | G52: 258177.17 | H52: 1951.97 | I52: 10592.96 | J52: 112350.98 | K52: 41.18 | L52: 20577.35 | M52: 301.14 | N52: 1535.05 | O52: 113570.77 | P52: 0.96 | Q52: 37.59 | R52: 990.34 | S52: 26.62 | T52: 390.05 | U52: 96.9 | V52: 0.51 | W52: 480.95 | X52: 89.43 | Y52: 154.11 | Z52: 16.67 | AA52: 61.77 | AB52: 9.27 | AC52: 2.86 | AD52: 9.62 | AE52: 1.09 | AF52: 6.77 | AG52: 1.36 | AH52: 3.48 | AI52: 0.42 | AJ52: 1.93 | AK52: 0.383 | AL52: 10.54 | AM52: 6.91 | AN52: 4.26 | AO52: 10.03 | AP52: 2.4
A53: 053MC59-9-1B2 | B53: 6.25 | C53: 3.88 | D53: 40759.39 | E53: 50641.32 | F53: 94393.63 | G53: 310093.81 | H53: 2735.54 | I53: 13822.55 | J53: 112350.98 | K53: 38.86 | L53: 20957.25 | M53: 383.45 | N53: 1403.14 | O53: 102356.7 | P53: 1.28 | Q53: 52.98 | R53: 1188.79 | S53: 31.9 | T53: 453.19 | U53: 133.69 | V53: 0.69 | W53: 554.89 | X53: 93.78 | Y53: 182.51 | Z53: 19.36 | AA53: 70.78 | AB53: 10.85 | AC53: 3.47 | AD53: 9.95 | AE53: 1.27 | AF53: 6.49 | AG53: 1.27 | AH53: 3.5 | AI53: 0.363 | AJ53: 2.59 | AK53: 0.307 | AL53: 10.28 | AM53: 7.11 | AN53: 6.63 | AO53: 11.19 | AP53: 3.18
A54: 054MC59-2-8A | B54: 3.95 | C54: 0.72 | D54: 23829.33 | E54: 116898.38 | F54: 89292.41 | G54: 237802.3 | H54: 1646.56 | I54: 8239.21 | J54: 113280.09 | K54: 36.76 | L54: 18960.86 | M54: 305.44 | N54: 1290.7 | O54: 79327.91 | P54: 0.7 | Q54: 22.08 | R54: 844.19 | S54: 29.47 | T54: 281.84 | U54: 59.65 | V54: 0.213 | W54: 329.55 | X54: 44.13 | Y54: 98.57 | Z54: 12.46 | AA54: 49.66 | AB54: 8.51 | AC54: 2.86 | AD54: 7.39 | AE54: 1.11 | AF54: 5.51 | AG54: 1.02 | AH54: 2.5 | AI54: 0.333 | AJ54: 2.45 | AK54: 0.252 | AL54: 5.66 | AM54: 3.75 | AN54: 6.19 | AO54: 4.4 | AP54: 1.22
A55: 055MC59-1-3A | B55: 4.02 | C55: 2.71 | D55: 29689.55 | E55: 220437.08 | F55: 102801.8 | G55: 307653.09 | H55: 1631.29 | I55: 8241.64 | J55: 112636.85 | K55: 37.07 | L55: 20528.77 | M55: 356.1 | N55: 2041.39 | O55: 127461.78 | P55: 0.38 | Q55: 27.24 | R55: 996.57 | S55: 30.58 | T55: 286.6 | U55: 68.31 | V55: 0.238 | W55: 355.64 | X55: 63.08 | Y55: 132.64 | Z55: 14.48 | AA55: 56.93 | AB55: 10.03 | AC55: 3.39 | AD55: 8.9 | AE55: 1.2 | AF55: 7.48 | AG55: 1.29 | AH55: 3.73 | AI55: 0.54 | AJ55: 2.77 | AK55: 0.359 | AL55: 7.5 | AM55: 4.63 | AN55: 5.89 | AO55: 4.92 | AP55: 1.46
A56: 056MC59-1-3B | B56: 4.59 | C56: 2.47 | D56: 29368.58 | E56: 39620.71 | F56: 99742.35 | G56: 207311.67 | H56: 3121.11 | I56: 13489.34 | J56: 106990.72 | K56: 27.33 | L56: 18286.2 | M56: 387.83 | N56: 1138.03 | O56: 67592.09 | P56: 0.82 | Q56: 44.77 | R56: 1363.1 | S56: 36.47 | T56: 402.56 | U56: 125.36 | V56: 0.38 | W56: 614.54 | X56: 111.66 | Y56: 208.29 | Z56: 22.16 | AA56: 79.1 | AB56: 12.42 | AC56: 3.7 | AD56: 10.79 | AE56: 1.45 | AF56: 7.34 | AG56: 1.43 | AH56: 3.6 | AI56: 0.53 | AJ56: 2.95 | AK56: 0.327 | AL56: 8.49 | AM56: 8.2 | AN56: 21.06 | AO56: 10.43 | AP56: 2.56
A57: 057MC59-1-7B | B57: 5.68 | C57: 2.24 | D57: 33654.76 | E57: 27416.9 | F57: 87475.92 | G57: 220188.77 | H57: 2094.34 | I57: 9918.6 | J57: 103274.27 | K57: 29.87 | L57: 26801.64 | M57: 324.94 | N57: 1412.79 | O57: 83581.31 | P57: 0.56 | Q57: 24.34 | R57: 1011.95 | S57: 36.51 | T57: 403.85 | U57: 67.26 | V57: 0.288 | W57: 313.34 | X57: 54.96 | Y57: 128.8 | Z57: 16.25 | AA57: 69.73 | AB57: 13.98 | AC57: 4 | AD57: 11.1 | AE57: 1.56 | AF57: 8.03 | AG57: 1.37 | AH57: 3.44 | AI57: 0.446 | AJ57: 2.75 | AK57: 0.359 | AL57: 10.11 | AM57: 4.01 | AN57: 4.07 | AO57: 5.07 | AP57: 1.39
A58: 058MC82-6 | B58: 4.03 | C58: 1.67 | D58: 21856.55 | E58: 22635.95 | F58: 77475.99 | G58: 170249.72 | H58: 1855.71 | I58: 8862.9 | J58: 91982.01 | K58: 28.02 | L58: 19205.7 | M58: 283.4 | N58: 1100.03 | O58: 65180.92 | P58: 0.44 | Q58: 25.19 | R58: 855.26 | S58: 29.09 | T58: 281.53 | U58: 70.1 | V58: 0.281 | W58: 300.28 | X58: 51.95 | Y58: 108.26 | Z58: 12.95 | AA58: 52.23 | AB58: 8.63 | AC58: 2.71 | AD58: 8.26 | AE58: 1.19 | AF58: 6.12 | AG58: 0.96 | AH58: 2.45 | AI58: 0.393 | AJ58: 2.11 | AK58: 0.279 | AL58: 5.59 | AM58: 3.75 | AN58: 3.8 | AO58: 6.02 | AP58: 1.24
A59: 059MC82-11 | B59: 4.44 | C59: 2.42 | D59: 24432.84 | E59: 68036.59 | F59: 90426.33 | G59: 228742.73 | H59: 2794.03 | I59: 12290.9 | J59: 112065.09 | K59: 38.56 | L59: 23168.01 | M59: 379.06 | N59: 1558.23 | O59: 93138.12 | P59: 0.71 | Q59: 32.75 | R59: 1159.21 | S59: 37.82 | T59: 393.95 | U59: 112.51 | V59: 0.44 | W59: 460.62 | X59: 83.92 | Y59: 168.57 | Z59: 19.92 | AA59: 81.26 | AB59: 12.37 | AC59: 3.2 | AD59: 9.8 | AE59: 1.47 | AF59: 7.49 | AG59: 1.21 | AH59: 3.23 | AI59: 0.47 | AJ59: 3.12 | AK59: 0.411 | AL59: 8.33 | AM59: 6.09 | AN59: 5.5 | AO59: 9.55 | AP59: 2.06
... A67: 067KL2 | B67: 4.63 | C67: 2.33 | D67: 15818.21 | E67: 41401.93 | F67: 66749.8 | G67: 226600.16 | H67: 923.15 | I67: 3958.82 | J67: 77901.69 | K67: 31.02 | L67: 14623.09 | M67: 290.86 | N67: 1183.62 | O67: 79138.84 | P67: 0.15 | Q67: 8.19 | R67: 353.12 | S67: 25.86 | T67: 153.05 | U67: 14.34 | V67: 0.13 | W67: 114.44 | X67: 12.83 | Y67: 30.74 | Z67: 4.56 | AA67: 20.61 | AB67: 5.36 | AC67: 1.78 | AD67: 5.37 | AE67: 0.89 | AF67: 4.94 | AG67: 0.93 | AH67: 2.29 | AI67: 0.335 | AJ67: 1.91 | AK67: 0.27 | AL67: 3.8 | AM67: 0.85 | AN67: 2 | AO67: 1.03 | AP67: 0.52
A68: 068GOR132 | B68: 9.08 | C68: 19.34 | D68: 6606.55 | E68: 145912.08 | F68: 58787.34 | G68: 204403.08 | H68: 109.8 | I68: 165.11 | J68: 60392.23 | K68: 36.73 | L68: 1783.36 | M68: 224.85 | N68: 1262.49 | O68: 83573.19 | P68: 0.19 | Q68: 2.18 | R68: 15.13 | S68: 13.46 | T68: 9.98 | U68: 0.045 | V68: 7.73 | W68: 0.72 | X68: 0.103 | Y68: 0.346 | Z68: 0.086 | AA68: 0.553 | AB68: 0.535 | AC68: 0.26 | AD68: 1.16 | AE68: 0.268 | AF68: 2.14 | AG68: 0.514 | AH68: 1.64 | AI68: 0.233 | AJ68: 1.48 | AK68: 0.242 | AL68: 0.387 | AM68: 0.0175 | AN68: 21.83 | AO68: <0.0094 | AP68: 0.057
A69: 069GOR128 | B69: 9.64 | C69: 23.5 | D69: 4570.77 | E69: 172213.22 | F69: 55151.23 | G69: 212924.61 | H69: 75.83 | I69: 207.78 | J69: 44597.33 | K69: 32.63 | L69: 1718.38 | M69: 187.1 | N69: 1413.19 | O69: 77758.51 | P69: 0.096 | Q69: 0.42 | R69: 30.22 | S69: 11.94 | T69: 9.86 | U69: 0.078 | V69: 0.2 | W69: 1.07 | X69: 0.116 | Y69: 0.459 | Z69: 0.097 | AA69: 0.77 | AB69: 0.55 | AC69: 0.262 | AD69: 1.22 | AE69: 0.235 | AF69: 1.92 | AG69: 0.472 | AH69: 1.39 | AI69: 0.224 | AJ69: 1.38 | AK69: 0.235 | AL69: 0.429 | AM69: 0.017 | AN69: 0.3 | AO69: 0.0123 | AP69: <0.0083
A70: 070BCR2G | B70: 21.43 | C70: 18.36 | D70: 35441.45 | E70: 31575.06 | F70: 127426.41 | G70: 350929.59 | H70: 3219.99 | I70: 52128.09 | J70: 71470.09 | K70: 34.26 | L70: 7467.19 | M70: 267.99 | N70: 2042.17 | O70: 92144.83 | P70: 0.76 | Q70: 203.2 | R70: 1889.72 | S70: 33.76 | T70: 332.32 | U70: 41.39 | V70: 4.1 | W70: 1382.04 | X70: 62.7 | Y70: 125.86 | Z70: 14.44 | AA70: 56.48 | AB70: 9.75 | AC70: 2.58 | AD70: 8.49 | AE70: 1.11 | AF70: 6.49 | AG70: 1.28 | AH70: 3.56 | AI70: 0.54 | AJ70: 3.81 | AK70: 0.58 | AL70: 8.45 | AM70: 2.21 | AN70: 25.64 | AO70: 21.51 | AP70: 6.18
A71: 071MC82-12 | B71: 6.74 | C71: 2.96 | D71: 28808.95 | E71: 28147.19 | F71: 74092.8 | G71: 203042.41 | H71: 2617.97 | I71: 11925.48 | J71: 89552.02 | K71: 29.1 | L71: 21538.21 | M71: 305.05 | N71: 1387.24 | O71: 81253.88 | P71: 0.81 | Q71: 27.56 | R71: 897.93 | S71: 28.81 | T71: 303.43 | U71: 82.3 | V71: 0.32 | W71: 331.83 | X71: 51.64 | Y71: 104.1 | Z71: 13.82 | AA71: 55.23 | AB71: 9.62 | AC71: 2.98 | AD71: 7.7 | AE71: 1.07 | AF71: 6.25 | AG71: 1.13 | AH71: 2.43 | AI71: 0.325 | AJ71: 2.24 | AK71: 0.334 | AL71: 6.17 | AM71: 4.09 | AN71: 4.52 | AO71: 6.1 | AP71: 1.54
A72: 072MC82-12B | B72: 6.79 | C72: 1.82 | D72: 28897.83 | E72: 28282.02 | F72: 72967.48 | G72: 192714.38 | H72: 2454.95 | I72: 11654.02 | J72: 89552.02 | K72: 26.47 | L72: 18242.11 | M72: 268.09 | N72: 1297.77 | O72: 76865.91 | P72: 0.58 | Q72: 28.16 | R72: 876.34 | S72: 26.42 | T72: 282.16 | U72: 76.27 | V72: 0.286 | W72: 324.29 | X72: 49.27 | Y72: 102.33 | Z72: 13.3 | AA72: 53.14 | AB72: 9.99 | AC72: 2.55 | AD72: 7.17 | AE72: 1.06 | AF72: 6.22 | AG72: 1 | AH72: 2.38 | AI72: 0.328 | AJ72: 1.94 | AK72: 0.292 | AL72: 6 | AM72: 4.14 | AN72: 3.66 | AO72: 5.92 | AP72: 1.41
A73: 073MC82-19 | B73: 5.55 | C73: 2.67 | D73: 21350.03 | E73: 295328.94 | F73: 69446.66 | G73: 342625.63 | H73: 2344.03 | I73: 9813.51 | J73: 97628.13 | K73: 40.45 | L73: 18942.48 | M73: 315.25 | N73: 3642.78 | O73: 218632.84 | P73: 0.57 | Q73: 25.03 | R73: 830.98 | S73: 27.62 | T73: 281.26 | U73: 83.58 | V73: 0.35 | W73: 332.08 | X73: 56.89 | Y73: 115.19 | Z73: 13.58 | AA73: 58.86 | AB73: 9.08 | AC73: 2.45 | AD73: 6.56 | AE73: 1.12 | AF73: 6.23 | AG73: 1.1 | AH73: 2.29 | AI73: 0.328 | AJ73: 2.58 | AK73: 0.292 | AL73: 5.33 | AM73: 4.35 | AN73: 4.31 | AO73: 7.45 | AP73: 1.49
A74: 074MC82-21 | B74: 4.2 | C74: 2.17 | D74: 20251.1 | E74: 22454.33 | F74: 72580.84 | G74: 195269.75 | H74: 2062.18 | I74: 8294.77 | J74: 97699.61 | K74: 29.46 | L74: 19831.37 | M74: 277.48 | N74: 1150.49 | O74: 64504.45 | P74: 0.5 | Q74: 20.17 | R74: 788.63 | S74: 23.34 | T74: 223.02 | U74: 61.87 | V74: 0.183 | W74: 273.29 | X74: 39.94 | Y74: 90.41 | Z74: 11.97 | AA74: 46.67 | AB74: 8.92 | AC74: 2.73 | AD74: 6.3 | AE74: 0.96 | AF74: 5.43 | AG74: 0.78 | AH74: 2.11 | AI74: 0.301 | AJ74: 2 | AK74: 0.228 | AL74: 4.66 | AM74: 3.07 | AN74: 55.49 | AO74: 4.48 | AP74: 1.31
A75: 075MC82-28 | B75: 6.89 | C75: 11.73 | D75: 62656.69 | E75: 47689.06 | F75: 146801.05 | G75: 288315.84 | H75: 3722.46 | I75: 17658.44 | J75: 71970.38 | K75: 15.14 | L75: 20235.1 | M75: 218.75 | N75: 1959.33 | O75: 121283 | P75: 2.83 | Q75: 85.1 | R75: 1599.46 | S75: 43.16 | T75: 388.93 | U75: 98.65 | V75: 0.43 | W75: 832.48 | X75: 157.62 | Y75: 334.69 | Z75: 27.26 | AA75: 77.61 | AB75: 10.45 | AC75: 4.84 | AD75: 19.71 | AE75: 1.62 | AF75: 6.88 | AG75: 1.17 | AH75: 4.33 | AI75: 0.76 | AJ75: 4.06 | AK75: 0.29 | AL75: 8.25 | AM75: 11.12 | AN75: 1846.88 | AO75: 9.25 | AP75: 2.11
A76: 076MC82-32 | B76: 2.41 | C76: 1.23 | D76: 14642.34 | E76: 16258.56 | F76: 50176.17 | G76: 143550.42 | H76: 1920.85 | I76: 11675.49 | J76: 90909.95 | K76: 23.85 | L76: 13812.56 | M76: 175.79 | N76: 713.79 | O76: 40814.19 | P76: 0.37 | Q76: 16.3 | R76: 632.34 | S76: 21.85 | T76: 248.83 | U76: 57.25 | V76: 0.204 | W76: 187.03 | X76: 30.53 | Y76: 67.68 | Z76: 10.64 | AA76: 50.19 | AB76: 7.59 | AC76: 1.74 | AD76: 4.64 | AE76: 0.8 | AF76: 5.2 | AG76: 0.68 | AH76: 1.32 | AI76: 0.207 | AJ76: 1.75 | AK76: 0.225 | AL76: 3.35 | AM76: 2.42 | AN76: 3.09 | AO76: 5.01 | AP76: 0.92
A77: 077MC82-40 | B77: 4.85 | C77: 2.5 | D77: 27177.84 | E77: 33307.82 | F77: 87502.42 | G77: 208005.63 | H77: 2330.29 | I77: 11159.31 | J77: 96627.55 | K77: 34.61 | L77: 20709.35 | M77: 347.87 | N77: 1361.39 | O77: 80868.11 | P77: 0.63 | Q77: 30.9 | R77: 863.95 | S77: 26.76 | T77: 262.93 | U77: 75.18 | V77: 0.34 | W77: 382.25 | X77: 53.22 | Y77: 109.48 | Z77: 12.91 | AA77: 48.18 | AB77: 9.2 | AC77: 2.91 | AD77: 8.2 | AE77: 1.04 | AF77: 6.02 | AG77: 1.11 | AH77: 2.76 | AI77: 0.42 | AJ77: 2.03 | AK77: 0.32 | AL77: 6.2 | AM77: 4.66 | AN77: 4.1 | AO77: 5.85 | AP77: 1.45
A78: 078MC82-5 | B78: 7.51 | C78: 12.2 | D78: 32447.35 | E78: 23898.08 | F78: 84062.66 | G78: 188322.47 | H78: 3384.98 | I78: 14287.32 | J78: 63751.32 | K78: 16.19 | L78: 18514.17 | M78: 372.46 | N78: 1279.45 | O78: 43578.31 | P78: 1.28 | Q78: 40.93 | R78: 1527.33 | S78: 30.64 | T78: 357.99 | U78: 122.29 | V78: 0.44 | W78: 622.62 | X78: 97.11 | Y78: 186.89 | Z78: 20.83 | AA78: 75.57 | AB78: 11.68 | AC78: 3.54 | AD78: 9.59 | AE78: 1.18 | AF78: 6.35 | AG78: 1.2 | AH78: 2.82 | AI78: 0.43 | AJ78: 2.54 | AK78: 0.332 | AL78: 7.53 | AM78: 7.1 | AN78: 1714.57 | AO78: 9.79 | AP78: 2.53
A79: 079MC99U-7 | B79: 6.87 | C79: 4.87 | D79: 26100.17 | E79: 177851.2 | F79: 86904.08 | G79: 301774.66 | H79: 3891.53 | I79: 12325.35 | J79: 97199.32 | K79: 38.5 | L79: 12992.25 | M79: 224.58 | N79: 2143.81 | O79: 124466.71 | P79: 1.26 | Q79: 50.88 | R79: 1458.3 | S79: 27.55 | T79: 471.34 | U79: 130.94 | V79: 0.62 | W79: 624.44 | X79: 116.25 | Y79: 227.12 | Z79: 23.85 | AA79: 81.89 | AB79: 10.87 | AC79: 2.98 | AD79: 8.33 | AE79: 1.06 | AF79: 5.53 | AG79: 1.03 | AH79: 2.57 | AI79: 0.344 | AJ79: 2.13 | AK79: 0.328 | AL79: 9.58 | AM79: 8.01 | AN79: 7.72 | AO79: 12.51 | AP79: 2.91
A80: 080MC99U-10 | B80: 5.03 | C80: 1.62 | D80: 20926.3 | E80: 130308.17 | F80: 87380.28 | G80: 259355.52 | H80: 1964.47 | I80: 9553.02 | J80: 115638.6 | K80: 41.81 | L80: 24132.6 | M80: 343.74 | N80: 1800.64 | O80: 105340.88 | P80: 0.6 | Q80: 26.73 | R80: 861.6 | S80: 31.26 | T80: 283.21 | U80: 79.81 | V80: 0.31 | W80: 367.12 | X80: 57.52 | Y80: 110.53 | Z80: 13.45 | AA80: 52.91 | AB80: 10.01 | AC80: 2.71 | AD80: 8.32 | AE80: 1.1 | AF80: 6.55 | AG80: 1.09 | AH80: 2.75 | AI80: 0.4 | AJ80: 2.07 | AK80: 0.341 | AL80: 6.92 | AM80: 4.35 | AN80: 7.37 | AO80: 6.2 | AP80: 1.55
A81: 081KL2 | B81: 5.09 | C81: 3.13 | D81: 16812.69 | E81: 43846.64 | F81: 68025.53 | G81: 237209.92 | H81: 977.62 | I81: 4045.55 | J81: 77901.69 | K81: 32.55 | L81: 15526.99 | M81: 314.21 | N81: 1283.19 | O81: 83340.62 | P81: 0.16 | Q81: 8.73 | R81: 351.57 | S81: 24.99 | T81: 148.12 | U81: 14.77 | V81: 0.084 | W81: 120.24 | X81: 12.75 | Y81: 32.01 | Z81: 4.6 | AA81: 21.52 | AB81: 5.12 | AC81: 1.97 | AD81: 5.85 | AE81: 0.84 | AF81: 5.1 | AG81: 0.91 | AH81: 2.36 | AI81: 0.342 | AJ81: 2 | AK81: 0.252 | AL81: 3.71 | AM81: 0.88 | AN81: 2.04 | AO81: 0.98 | AP81: 0.55
... A83: 083KL2 | B83: 5.32 | C83: 3.69 | D83: 18344.55 | E83: 47033.02 | F83: 74728.29 | G83: 234139.11 | H83: 987.47 | I83: 4088.98 | J83: 77901.7 | K83: 31 | L83: 15255.21 | M83: 314.08 | N83: 1325.92 | O83: 86456.66 | P83: 0.14 | Q83: 9.19 | R83: 374.86 | S83: 25.76 | T83: 153.81 | U83: 15.07 | V83: 0.14 | W83: 128.81 | X83: 13.81 | Y83: 33.85 | Z83: 4.71 | AA83: 21.04 | AB83: 5.95 | AC83: 1.91 | AD83: 6.31 | AE83: 0.96 | AF83: 5.54 | AG83: 0.94 | AH83: 2.84 | AI83: 0.346 | AJ83: 2.09 | AK83: 0.278 | AL83: 3.95 | AM83: 1 | AN83: 2.11 | AO83: 1.03 | AP83: 0.56
A84: 084N612 | B84: 32.19 | C84: 40.59 | D84: 93191.73 | E84: 57.97 | F84: 10051.95 | G84: 275897.91 | H84: 38.71 | I84: <22.90 | J84: 85048.69 | K84: 41.56 | L84: 44.49 | M84: 35.92 | N84: 35.42 | O84: 124.92 | P84: 13.5 | Q84: 27.21 | R84: 76.61 | S84: 41.11 | T84: 40.52 | U84: 39.66 | V84: 36.3 | W84: 39.78 | X84: 37.95 | Y84: 37.58 | Z84: 37.87 | AA84: 37.9 | AB84: 39.97 | AC84: 37.09 | AD84: 41.07 | AE84: 39.88 | AF84: 39.35 | AG84: 42.13 | AH84: 41.7 | AI84: 41.11 | AJ84: 43.98 | AK84: 42.04 | AL84: 39.98 | AM84: 42.67 | AN84: 37.28 | AO84: 41.36 | AP84: 36.01
A85: 085N612 | B85: 31.72 | C85: 39.96 | D85: 91708.27 | E85: 58.19 | F85: 10354.5 | G85: 274690.59 | H85: 36.79 | I85: <22.66 | J85: 85048.7 | K85: 42.7 | L85: 45.03 | M85: 35.65 | N85: 34.81 | O85: 134.02 | P85: 12.75 | Q85: 26.89 | R85: 77.59 | S85: 41.42 | T85: 41.42 | U85: 39.8 | V85: 36.48 | W85: 39.33 | X85: 37.79 | Y85: 37.92 | Z85: 38.44 | AA85: 36.6 | AB85: 38.65 | AC85: 36.04 | AD85: 41.02 | AE85: 40.52 | AF85: 39.34 | AG85: 42.21 | AH85: 41.09 | AI85: 41.04 | AJ85: 44.3 | AK85: 41.69 | AL85: 40.31 | AM85: 42.16 | AN85: 38.48 | AO85: 41.74 | AP85: 35.97
A86: 086N612 | B86: 33.01 | C86: 42.84 | D86: 98988.63 | E86: 61.54 | F86: 10939.4 | G86: 297299.66 | H86: 37.64 | I86: <23.61 | J86: 85048.7 | K86: 42.03 | L86: 45.38 | M86: 35.76 | N86: 36.6 | O86: 145.43 | P86: 14 | Q86: 28.76 | R86: 82.36 | S86: 42.18 | T86: 40.96 | U86: 39.46 | V86: 36.42 | W86: 41.14 | X86: 40.12 | Y86: 40.09 | Z86: 39.8 | AA86: 36.09 | AB86: 39.49 | AC86: 38.44 | AD86: 43.4 | AE86: 41.27 | AF86: 38.29 | AG86: 43.17 | AH86: 43.34 | AI86: 43.44 | AJ86: 43.93 | AK86: 41.32 | AL86: 40.96 | AM86: 45.11 | AN86: 39.66 | AO86: 41.44 | AP86: 36.34

Sheet Not MDL Filltered
B1: Element | C1: Li7 | D1: B11 | E1: Na23 | F1: Mg24 | G1: Al27 | H1: Si29 | I1: P31 | J1: K39 | K1: Ca43 | L1: Sc45 | M1: Ti47 | N1: V51 | O1: Mn55 | P1: Fe57 | Q1: As75 | R1: Rb85 | S1: Sr88 | T1: Y89 | U1: Zr90 | V1: Nb93 | W1: Cs133 | X1: Ba138 | Y1: La139 | Z1: Ce140 | AA1: Pr141 | AB1: Nd146 | AC1: Sm147 | AD1: Eu151 | AE1: Gd157 | AF1: Tb159 | AG1: Dy163 | AH1: Ho165 | AI1: Er166 | AJ1: Tm169 | AK1: Yb172 | AL1: Lu175 | AM1: Hf178 | AN1: Ta181 | AO1: Pb208 | AP1: Th232 | AQ1: U238
A2: 1 | B2: 004KL2 | C2: 5.21 | D2: 10.95 | E2: 17091.78 | F2: 43329.79 | G2: 68000.88 | H2: 227196.58 | I2: 977.73 | J2: 4196.2 | K2: 77901.7 | L2: 31.16 | M2: 15566.6 | N2: 312.43 | O2: 1303.11 | P2: 81991.84 | Q2: 0.165 | R2: 8.56 | S2: 351.98 | T2: 24.42 | U2: 158.89 | V2: 15.42 | W2: 0.122 | X2: 122.36 | Y2: 12.99 | Z2: 33.23 | AA2: 4.41 | AB2: 21.36 | AC2: 5.49 | AD2: 1.88 | AE2: 5.94 | AF2: 0.844 | AG2: 5.15 | AH2: 0.94 | AI2: 2.41 | AJ2: 0.288 | AK2: 2.1 | AL2: 0.261 | AM2: 3.72 | AN2: 0.934 | AO2: 2.06 | AP2: 0.913 | AQ2: 0.636
A3: 2 | B3: 005KL2 | C3: 5.22 | D3: 2.48 | E3: 17245.47 | F3: 44940.31 | G3: 69620.05 | H3: 233055.86 | I3: 919.53 | J3: 4019.08 | K3: 77901.7 | L3: 31.98 | M3: 15304.21 | N3: 310.73 | O3: 1286.29 | P3: 82919.68 | Q3: 0.107 | R3: 8.89 | S3: 353.77 | T3: 24.97 | U3: 147.91 | V3: 14.71 | W3: 0.11 | X3: 123.03 | Y3: 13.2 | Z3: 31.48 | AA3: 4.63 | AB3: 21.51 | AC3: 5.69 | AD3: 1.83 | AE3: 5.69 | AF3: 0.889 | AG3: 5.19 | AH3: 0.96 | AI3: 2.49 | AJ3: 0.33 | AK3: 2.08 | AL3: 0.288 | AM3: 3.69 | AN3: 0.936 | AO3: 2.08 | AP3: 0.977 | AQ3: 0.558
A4: 3 | B4: 006KL2 | C4: 5.23 | D4: 2.07 | E4: 18130.38 | F4: 46158.29 | G4: 72111.45 | H4: 241409.72 | I4: 956.5 | J4: 4085.24 | K4: 77901.7 | L4: 31.86 | M4: 15292.14 | N4: 314.17 | O4: 1316.63 | P4: 85107.55 | Q4: 0.199 | R4: 9.14 | S4: 362.8 | T4: 25.12 | U4: 149.61 | V4: 15.33 | W4: 0.11 | X4: 123.64 | Y4: 12.47 | Z4: 32.16 | AA4: 4.63 | AB4: 21.58 | AC4: 5.58 | AD4: 1.95 | AE4: 6.14 | AF4: 0.907 | AG4: 4.97 | AH4: 0.859 | AI4: 2.57 | AJ4: 0.341 | AK4: 2.04 | AL4: 0.295 | AM4: 3.87 | AN4: 0.97 | AO4: 2.11 | AP4: 1.05 | AQ4: 0.575
A5: 4 | B5: 007BM90 | C5: 2.02 | D5: 1.67 | E5: 872.46 | F5: 208008.56 | G5: 12476.81 | H5: 241693.27 | I5: 18.41 | J5: <-1.00 | K5: 15008.72 | L5: 16.53 | M5: 367.15 | N5: 56 | O5: 835.55 | P5: 56222.92 | Q5: 0.104 | R5: 0.262 | S5: 0.669 | T5: 2.21 | U5: 20.02 | V5: 0.022 | W5: 0.84 | X5: 0.463 | Y5: 0.215 | Z5: 0.414 | AA5: 0.0784 | AB5: 0.412 | AC5: 0.107 | AD5: 0.0436 | AE5: 0.282 | AF5: 0.0438 | AG5: 0.359 | AH5: 0.084 | AI5: 0.216 | AJ5: 0.0425 | AK5: 0.301 | AL5: 0.0561 | AM5: 0.59 | AN5: 0.0046 | AO5: 0.475 | AP5: 0.056 | AQ5: 0.085
A6: 5 | B6: 008BM90 | C6: 1.72 | D6: 1.76 | E6: 868.99 | F6: 208148.02 | G6: 12030.06 | H6: 241599.27 | I6: 17.81 | J6: <-1.00 | K6: 15008.72 | L6: 16.46 | M6: 348.62 | N6: 55.91 | O6: 843.48 | P6: 56710.61 | Q6: 0.073 | R6: 0.304 | S6: 0.65 | T6: 2.32 | U6: 19.52 | V6: 0.006 | W6: 0.9 | X6: 0.44 | Y6: 0.177 | Z6: 0.443 | AA6: 0.0734 | AB6: 0.389 | AC6: 0.151 | AD6: 0.0526 | AE6: 0.28 | AF6: 0.0453 | AG6: 0.387 | AH6: 0.091 | AI6: 0.258 | AJ6: 0.0465 | AK6: 0.318 | AL6: 0.0548 | AM6: 0.543 | AN6: 0.0024 | AO6: 0.479 | AP6: 0.0545 | AQ6: 0.072
A7: 6 | B7: 009GOR132 | C7: 8.87 | D7: 11.71 | E7: 6672.55 | F7: 142794.02 | G7: 57438.87 | H7: 218643.95 | I7: 118.34 | J7: 189.71 | K7: 60392.23 | L7: 35.59 | M7: 1785.51 | N7: 233.08 | O7: 1251.49 | P7: 86376.49 | Q7: 0.141 | R7: 2.31 | S7: 15.82 | T7: 13.19 | U7: 9.58 | V7: 0.069 | W7: 8.21 | X7: 0.868 | Y7: 0.093 | Z7: 0.344 | AA7: 0.088 | AB7: 0.743 | AC7: 0.486 | AD7: 0.262 | AE7: 1.14 | AF7: 0.215 | AG7: 2.08 | AH7: 0.489 | AI7: 1.6 | AJ7: 0.229 | AK7: 1.42 | AL7: 0.232 | AM7: 0.348 | AN7: 0.0362 | AO7: 22.24 | AP7: 0.0075 | AQ7: 0.051
A8: 7 | B8: 010GOR132 | C8: 8.99 | D8: 11.28 | E8: 6319.15 | F8: 138234.5 | G8: 56407.36 | H8: 212192.69 | I8: 111.61 | J8: 165.22 | K8: 60392.23 | L8: 34.88 | M8: 1743.55 | N8: 220.64 | O8: 1203.94 | P8: 83189.79 | Q8: 0.107 | R8: 2.15 | S8: 15.1 | T8: 13.12 | U8: 9.84 | V8: 0.0263 | W8: 8.04 | X8: 0.683 | Y8: 0.08 | Z8: 0.311 | AA8: 0.0847 | AB8: 0.609 | AC8: 0.511 | AD8: 0.278 | AE8: 1.27 | AF8: 0.264 | AG8: 2.03 | AH8: 0.504 | AI8: 1.55 | AJ8: 0.222 | AK8: 1.54 | AL8: 0.229 | AM8: 0.323 | AN8: 0.0259 | AO8: 21.39 | AP8: 0.0018 | AQ8: 0.066
A9: 8 | B9: 011GOR128 | C9: 10.12 | D9: 14.42 | E9: 4600.63 | F9: 147788.48 | G9: 50541.61 | H9: 213893.53 | I9: 86.35 | J9: 246.9 | K9: 44597.34 | L9: 30.37 | M9: 1671.98 | N9: 183.08 | O9: 1441.6 | P9: 84292.74 | Q9: 0.126 | R9: 0.338 | S9: 29.01 | T9: 11.38 | U9: 9.33 | V9: 0.115 | W9: 0.208 | X9: 0.956 | Y9: 0.104 | Z9: 0.402 | AA9: 0.094 | AB9: 0.659 | AC9: 0.444 | AD9: 0.279 | AE9: 1.34 | AF9: 0.224 | AG9: 1.86 | AH9: 0.407 | AI9: 1.38 | AJ9: 0.198 | AK9: 1.21 | AL9: 0.181 | AM9: 0.345 | AN9: 0.0178 | AO9: 0.308 | AP9: -0.0044 | AQ9: 0.0109
A10: 9 | B10: 012GOR128 | C10: 11.13 | D10: 16.56 | E10: 5316.96 | F10: 203682.8 | G10: 54948.23 | H10: 247541.09 | I10: 94.16 | J10: 243.42 | K10: 44597.34 | L10: 32.09 | M10: 1751.93 | N10: 197.64 | O10: 1506.44 | P10: 85512.35 | Q10: 0.212 | R10: 0.48 | S10: 31.9 | T10: 11.45 | U10: 9.79 | V10: 0.112 | W10: 0.241 | X10: 1.2 | Y10: 0.106 | Z10: 0.439 | AA10: 0.082 | AB10: 0.696 | AC10: 0.509 | AD10: 0.245 | AE10: 1.11 | AF10: 0.243 | AG10: 1.9 | AH10: 0.431 | AI10: 1.33 | AJ10: 0.188 | AK10: 1.38 | AL10: 0.202 | AM10: 0.359 | AN10: 0.0176 | AO10: 0.307 | AP10: 0.0039 | AQ10: 0.006
A11: 10 | B11: 013BCR2G | C11: 7.61 | D11: 2.89 | E11: 22549.58 | F11: 20741.1 | G11: 71778.97 | H11: 238369.95 | I11: 1266 | J11: 14150.35 | K11: 50900 | L11: 34.51 | M11: 13547.25 | N11: 401.47 | O11: 1453.95 | P11: 87000.51 | Q11: 0.48 | R11: 46.32 | S11: 336.82 | T11: 36.28 | U11: 183.53 | V11: 12.04 | W11: 1.18 | X11: 672.95 | Y11: 23.96 | Z11: 51.39 | AA11: 6.45 | AB11: 28.41 | AC11: 6.08 | AD11: 1.91 | AE11: 6.75 | AF11: 1.008 | AG11: 6.58 | AH11: 1.36 | AI11: 3.72 | AJ11: 0.535 | AK11: 3.53 | AL11: 0.498 | AM11: 5 | AN11: 0.788 | AO11: 10.52 | AP11: 6.08 | AQ11: 1.6
A12: 11 | B12: 014BCR2G | C12: 7.41 | D12: 3.94 | E12: 22769.95 | F12: 20394.13 | G12: 70870.83 | H12: 243901.92 | I12: 1367.88 | J12: 14391.35 | K12: 50900 | L12: 35.09 | M12: 13583.31 | N12: 404.07 | O12: 1430.87 | P12: 87447.33 | Q12: 0.53 | R12: 46.08 | S12: 334.46 | T12: 35.84 | U12: 182.19 | V12: 12.5 | W12: 1.09 | X12: 660.47 | Y12: 23.92 | Z12: 50.78 | AA12: 6.46 | AB12: 28.55 | AC12: 6.25 | AD12: 1.94 | AE12: 6.73 | AF12: 1.035 | AG12: 6.31 | AH12: 1.28 | AI12: 3.68 | AJ12: 0.54 | AK12: 3.52 | AL12: 0.539 | AM12: 4.9 | AN12: 0.835 | AO12: 11.08 | AP12: 6.19 | AQ12: 1.72
A13: 12 | B13: 015MC22-1-16 | C13: 5.1 | D13: 1.22 | E13: 20562.38 | F13: 232828.48 | G13: 68050.4 | H13: 284910.28 | I13: 2543.37 | J13: 9764.58 | K13: 88337.04 | L13: 38.06 | M13: 19325.18 | N13: 308.06 | O13: 2454.12 | P13: 147266.05 | Q13: 0.71 | R13: 29.62 | S13: 887.36 | T13: 20.75 | U13: 291.34 | V13: 93.89 | W13: 0.344 | X13: 400.57 | Y13: 62.11 | Z13: 127.59 | AA13: 14.66 | AB13: 57.33 | AC13: 9.25 | AD13: 2.88 | AE13: 6.8 | AF13: 0.877 | AG13: 4.62 | AH13: 0.88 | AI13: 2.47 | AJ13: 0.262 | AK13: 1.37 | AL13: 0.288 | AM13: 6.86 | AN13: 4.96 | AO13: 11.88 | AP13: 7.32 | AQ13: 1.88
A14: 13 | B14: 016MC22-1-20 | C14: 3.67 | D14: 1.34 | E14: 19468.77 | F14: 28620.62 | G14: 70750.84 | H14: 168647.69 | I14: 1732 | J14: 8132.88 | K14: 96484.63 | L14: 36.79 | M14: 25114.34 | N14: 373.63 | O14: 1104.18 | P14: 64490.9 | Q14: 0.36 | R14: 22 | S14: 748.44 | T14: 30.41 | U14: 307.45 | V14: 63.65 | W14: 0.249 | X14: 308.48 | Y14: 42.6 | Z14: 88.95 | AA14: 11.22 | AB14: 52.14 | AC14: 10.29 | AD14: 3.08 | AE14: 7.41 | AF14: 1.06 | AG14: 6.56 | AH14: 1.16 | AI14: 2.98 | AJ14: 0.336 | AK14: 2.04 | AL14: 0.375 | AM14: 7.63 | AN14: 3.54 | AO14: 6.07 | AP14: 4.58 | AQ14: 1.27
A15: 14 | B15: 017MC22-1-21 | C15: 4.47 | D15: 0.95 | E15: 15344.5 | F15: 107028.45 | G15: 59117.61 | H15: 189700.77 | I15: 1182.82 | J15: 5739.62 | K15: 94269.05 | L15: 33.69 | M15: 23916.99 | N15: 287.85 | O15: 1806.7 | P15: 109588.72 | Q15: 0.37 | R15: 11.69 | S15: 3855.13 | T15: 24.87 | U15: 275.61 | V15: 57.6 | W15: 0.137 | X15: 368.46 | Y15: 37.45 | Z15: 78.94 | AA15: 10.63 | AB15: 50.12 | AC15: 9.81 | AD15: 2.45 | AE15: 6.11 | AF15: 0.839 | AG15: 6.06 | AH15: 1.04 | AI15: 2.46 | AJ15: 0.308 | AK15: 1.92 | AL15: 0.391 | AM15: 5.96 | AN15: 2.8 | AO15: 8.99 | AP15: 4.65 | AQ15: 1.17
A16: 15 | B16: 018MC22-1-26 | C16: 7.33 | D16: 1.54 | E16: 30900.85 | F16: 30189.96 | G16: 80352.15 | H16: 207945.72 | I16: 2456.18 | J16: 11276.95 | K16: 95484.05 | L16: 30.08 | M16: 18899.87 | N16: 284.17 | O16: 1501.65 | P16: 82007.19 | Q16: 0.69 | R16: 38.32 | S16: 1183.1 | T16: 35.05 | U16: 395.12 | V16: 95.9 | W16: 0.47 | X16: 481.34 | Y16: 75.35 | Z16: 150.79 | AA16: 17.47 | AB16: 67.86 | AC16: 11.77 | AD16: 3.56 | AE16: 10.14 | AF16: 1.35 | AG16: 7.44 | AH16: 1.28 | AI16: 3.32 | AJ16: 0.465 | AK16: 2.68 | AL16: 0.36 | AM16: 8.82 | AN16: 5.9 | AO16: 5.22 | AP16: 8.82 | AQ16: 2.08
A17: 16 | B17: 019MC22-1-26B | C17: 7.07 | D17: 1.82 | E17: 30029.12 | F17: 31361.74 | G17: 78365.78 | H17: 204026.72 | I17: 2441.65 | J17: 11191.87 | K17: 95484.05 | L17: 30.82 | M17: 18538.85 | N17: 279.02 | O17: 1483.01 | P17: 79970.2 | Q17: 0.72 | R17: 36.3 | S17: 1169.94 | T17: 35.21 | U17: 397.16 | V17: 94.46 | W17: 0.44 | X17: 469.34 | Y17: 74.06 | Z17: 147.83 | AA17: 17.53 | AB17: 67.29 | AC17: 11.83 | AD17: 3.42 | AE17: 10.12 | AF17: 1.38 | AG17: 7.24 | AH17: 1.28 | AI17: 3.09 | AJ17: 0.429 | AK17: 2.73 | AL17: 0.389 | AM17: 8.72 | AN17: 5.85 | AO17: 18.13 | AP17: 9.01 | AQ17: 1.91
A18: 17 | B18: 020MC22-1-27 | C18: 5.7 | D18: 1.57 | E18: 25121.98 | F18: 21731.77 | G18: 70488.98 | H18: 174514.03 | I18: 2268.46 | J18: 12721.8 | K18: 75615.36 | L18: 17.93 | M18: 16016.61 | N18: 212.8 | O18: 1259.88 | P18: 66244.79 | Q18: 0.72 | R18: 39.7 | S18: 1241.61 | T18: 31.82 | U18: 372.44 | V18: 85.9 | W18: 0.48 | X18: 453.51 | Y18: 63.43 | Z18: 144.71 | AA18: 18.79 | AB18: 65.85 | AC18: 9.82 | AD18: 2.88 | AE18: 7.73 | AF18: 1.26 | AG18: 6.21 | AH18: 1.09 | AI18: 2.58 | AJ18: 0.342 | AK18: 2.47 | AL18: 0.286 | AM18: 6.55 | AN18: 4.71 | AO18: 21.82 | AP18: 7.71 | AQ18: 1.66
... A79: 78 | B79: 083KL2 | C79: 5.32 | D79: 3.69 | E79: 18344.55 | F79: 47033.02 | G79: 74728.29 | H79: 234139.11 | I79: 987.47 | J79: 4088.98 | K79: 77901.7 | L79: 31 | M79: 15255.21 | N79: 314.08 | O79: 1325.92 | P79: 86456.66 | Q79: 0.14 | R79: 9.19 | S79: 374.86 | T79: 25.76 | U79: 153.81 | V79: 15.07 | W79: 0.14 | X79: 128.81 | Y79: 13.81 | Z79: 33.85 | AA79: 4.71 | AB79: 21.04 | AC79: 5.95 | AD79: 1.91 | AE79: 6.31 | AF79: 0.96 | AG79: 5.54 | AH79: 0.94 | AI79: 2.84 | AJ79: 0.346 | AK79: 2.09 | AL79: 0.278 | AM79: 3.95 | AN79: 1 | AO79: 2.11 | AP79: 1.03 | AQ79: 0.56

Sheet MDL Filtered Clean
B1: Element | C1: Li7 | D1: B11 | E1: Na23 | F1: Mg24 | G1: Al27 | H1: Si29 | I1: P31 | J1: K39 | K1: Ca43 | L1: Sc45 | M1: Ti47 | N1: V51 | O1: Mn55 | P1: Fe57 | Q1: As75 | R1: Rb85 | S1: Sr88 | T1: Y89 | U1: Zr90 | V1: Nb93 | W1: Cs133 | X1: Ba138 | Y1: La139 | Z1: Ce140 | AA1: Pr141 | AB1: Nd146 | AC1: Sm147 | AD1: Eu151 | AE1: Gd157 | AF1: Tb159 | AG1: Dy163 | AH1: Ho165 | AI1: Er166 | AJ1: Tm169 | AK1: Yb172 | AL1: Lu175 | AM1: Hf178 | AN1: Ta181 | AO1: Pb208 | AP1: Th232 | AQ1: U238
A2: 1 | B2: 004KL2 | C2: 5.21 | D2: 10.95 | E2: 17091.78 | F2: 43329.79 | G2: 68000.88 | H2: 227196.58 | I2: 977.73 | J2: 4196.2 | K2: 77901.7 | L2: 31.16 | M2: 15566.6 | N2: 312.43 | O2: 1303.11 | P2: 81991.84 | Q2: 0.165 | R2: 8.56 | S2: 351.98 | T2: 24.42 | U2: 158.89 | V2: 15.42 | W2: 0.122 | X2: 122.36 | Y2: 12.99 | Z2: 33.23 | AA2: 4.41 | AB2: 21.36 | AC2: 5.49 | AD2: 1.88 | AE2: 5.94 | AF2: 0.844 | AG2: 5.15 | AH2: 0.94 | AI2: 2.41 | AJ2: 0.288 | AK2: 2.1 | AL2: 0.261 | AM2: 3.72 | AN2: 0.934 | AO2: 2.06 | AP2: 0.913 | AQ2: 0.636
A3: 2 | B3: 005KL2 | C3: 5.22 | D3: 2.48 | E3: 17245.47 | F3: 44940.31 | G3: 69620.05 | H3: 233055.86 | I3: 919.53 | J3: 4019.08 | K3: 77901.7 | L3: 31.98 | M3: 15304.21 | N3: 310.73 | O3: 1286.29 | P3: 82919.68 | Q3: 0.107 | R3: 8.89 | S3: 353.77 | T3: 24.97 | U3: 147.91 | V3: 14.71 | W3: 0.11 | X3: 123.03 | Y3: 13.2 | Z3: 31.48 | AA3: 4.63 | AB3: 21.51 | AC3: 5.69 | AD3: 1.83 | AE3: 5.69 | AF3: 0.889 | AG3: 5.19 | AH3: 0.96 | AI3: 2.49 | AJ3: 0.33 | AK3: 2.08 | AL3: 0.288 | AM3: 3.69 | AN3: 0.936 | AO3: 2.08 | AP3: 0.977 | AQ3: 0.558
A4: 3 | B4: 006KL2 | C4: 5.23 | D4: 2.07 | E4: 18130.38 | F4: 46158.29 | G4: 72111.45 | H4: 241409.72 | I4: 956.5 | J4: 4085.24 | K4: 77901.7 | L4: 31.86 | M4: 15292.14 | N4: 314.17 | O4: 1316.63 | P4: 85107.55 | Q4: 0.199 | R4: 9.14 | S4: 362.8 | T4: 25.12 | U4: 149.61 | V4: 15.33 | W4: 0.11 | X4: 123.64 | Y4: 12.47 | Z4: 32.16 | AA4: 4.63 | AB4: 21.58 | AC4: 5.58 | AD4: 1.95 | AE4: 6.14 | AF4: 0.907 | AG4: 4.97 | AH4: 0.859 | AI4: 2.57 | AJ4: 0.341 | AK4: 2.04 | AL4: 0.295 | AM4: 3.87 | AN4: 0.97 | AO4: 2.11 | AP4: 1.05 | AQ4: 0.575
A5: 4 | B5: 007BM90 | C5: 2.02 | D5: 1.67 | E5: 872.46 | F5: 208008.56 | G5: 12476.81 | H5: 241693.27 | I5: 18.41 | J5: <24.43 | K5: 15008.72 | L5: 16.53 | M5: 367.15 | N5: 56 | O5: 835.55 | P5: 56222.92 | Q5: 0.104 | R5: 0.262 | S5: 0.669 | T5: 2.21 | U5: 20.02 | V5: 0.022 | W5: 0.84 | X5: 0.463 | Y5: 0.215 | Z5: 0.414 | AA5: 0.0784 | AB5: 0.412 | AC5: 0.107 | AD5: 0.0436 | AE5: 0.282 | AF5: 0.0438 | AG5: 0.359 | AH5: 0.084 | AI5: 0.216 | AJ5: 0.0425 | AK5: 0.301 | AL5: 0.0561 | AM5: 0.59 | AN5: 0.0046 | AO5: 0.475 | AP5: 0.056 | AQ5: 0.085
A6: 5 | B6: 008BM90 | C6: 1.72 | D6: 1.76 | E6: 868.99 | F6: 208148.02 | G6: 12030.06 | H6: 241599.27 | I6: 17.81 | J6: <25.01 | K6: 15008.72 | L6: 16.46 | M6: 348.62 | N6: 55.91 | O6: 843.48 | P6: 56710.61 | Q6: <0.074 | R6: 0.304 | S6: 0.65 | T6: 2.32 | U6: 19.52 | V6: <0.0218 | W6: 0.9 | X6: 0.44 | Y6: 0.177 | Z6: 0.443 | AA6: 0.0734 | AB6: 0.389 | AC6: 0.151 | AD6: 0.0526 | AE6: 0.28 | AF6: 0.0453 | AG6: 0.387 | AH6: 0.091 | AI6: 0.258 | AJ6: 0.0465 | AK6: 0.318 | AL6: 0.0548 | AM6: 0.543 | AN6: <0.0062 | AO6: 0.479 | AP6: 0.0545 | AQ6: 0.072
A7: 6 | B7: 009GOR132 | C7: 8.87 | D7: 11.71 | E7: 6672.55 | F7: 142794.02 | G7: 57438.87 | H7: 218643.95 | I7: 118.34 | J7: 189.71 | K7: 60392.23 | L7: 35.59 | M7: 1785.51 | N7: 233.08 | O7: 1251.49 | P7: 86376.49 | Q7: 0.141 | R7: 2.31 | S7: 15.82 | T7: 13.19 | U7: 9.58 | V7: 0.069 | W7: 8.21 | X7: 0.868 | Y7: 0.093 | Z7: 0.344 | AA7: 0.088 | AB7: 0.743 | AC7: 0.486 | AD7: 0.262 | AE7: 1.14 | AF7: 0.215 | AG7: 2.08 | AH7: 0.489 | AI7: 1.6 | AJ7: 0.229 | AK7: 1.42 | AL7: 0.232 | AM7: 0.348 | AN7: 0.0362 | AO7: 22.24 | AP7: 0.0075 | AQ7: 0.051
A8: 7 | B8: 010GOR132 | C8: 8.99 | D8: 11.28 | E8: 6319.15 | F8: 138234.5 | G8: 56407.36 | H8: 212192.69 | I8: 111.61 | J8: 165.22 | K8: 60392.23 | L8: 34.88 | M8: 1743.55 | N8: 220.64 | O8: 1203.94 | P8: 83189.79 | Q8: 0.107 | R8: 2.15 | S8: 15.1 | T8: 13.12 | U8: 9.84 | V8: 0.0263 | W8: 8.04 | X8: 0.683 | Y8: 0.08 | Z8: 0.311 | AA8: 0.0847 | AB8: 0.609 | AC8: 0.511 | AD8: 0.278 | AE8: 1.27 | AF8: 0.264 | AG8: 2.03 | AH8: 0.504 | AI8: 1.55 | AJ8: 0.222 | AK8: 1.54 | AL8: 0.229 | AM8: 0.323 | AN8: 0.0259 | AO8: 21.39 | AP8: <0.0051 | AQ8: 0.066
A9: 8 | B9: 011GOR128 | C9: 10.12 | D9: 14.42 | E9: 4600.63 | F9: 147788.48 | G9: 50541.61 | H9: 213893.53 | I9: 86.35 | J9: 246.9 | K9: 44597.34 | L9: 30.37 | M9: 1671.98 | N9: 183.08 | O9: 1441.6 | P9: 84292.74 | Q9: 0.126 | R9: 0.338 | S9: 29.01 | T9: 11.38 | U9: 9.33 | V9: 0.115 | W9: 0.208 | X9: 0.956 | Y9: 0.104 | Z9: 0.402 | AA9: 0.094 | AB9: 0.659 | AC9: 0.444 | AD9: 0.279 | AE9: 1.34 | AF9: 0.224 | AG9: 1.86 | AH9: 0.407 | AI9: 1.38 | AJ9: 0.198 | AK9: 1.21 | AL9: 0.181 | AM9: 0.345 | AN9: 0.0178 | AO9: 0.308 | AP9: <0.0152 | AQ9: 0.0109
A10: 9 | B10: 012GOR128 | C10: 11.13 | D10: 16.56 | E10: 5316.96 | F10: 203682.8 | G10: 54948.23 | H10: 247541.09 | I10: 94.16 | J10: 243.42 | K10: 44597.34 | L10: 32.09 | M10: 1751.93 | N10: 197.64 | O10: 1506.44 | P10: 85512.35 | Q10: 0.212 | R10: 0.48 | S10: 31.9 | T10: 11.45 | U10: 9.79 | V10: 0.112 | W10: 0.241 | X10: 1.2 | Y10: 0.106 | Z10: 0.439 | AA10: 0.082 | AB10: 0.696 | AC10: 0.509 | AD10: 0.245 | AE10: 1.11 | AF10: 0.243 | AG10: 1.9 | AH10: 0.431 | AI10: 1.33 | AJ10: 0.188 | AK10: 1.38 | AL10: 0.202 | AM10: 0.359 | AN10: 0.0176 | AO10: 0.307 | AP10: <0.0108 | AQ10: <0.0073
A11: 10 | B11: 013BCR2G | C11: 7.61 | D11: 2.89 | E11: 22549.58 | F11: 20741.1 | G11: 71778.97 | H11: 238369.95 | I11: 1266 | J11: 14150.35 | K11: 50900 | L11: 34.51 | M11: 13547.25 | N11: 401.47 | O11: 1453.95 | P11: 87000.51 | Q11: 0.48 | R11: 46.32 | S11: 336.82 | T11: 36.28 | U11: 183.53 | V11: 12.04 | W11: 1.18 | X11: 672.95 | Y11: 23.96 | Z11: 51.39 | AA11: 6.45 | AB11: 28.41 | AC11: 6.08 | AD11: 1.91 | AE11: 6.75 | AF11: 1.008 | AG11: 6.58 | AH11: 1.36 | AI11: 3.72 | AJ11: 0.535 | AK11: 3.53 | AL11: 0.498 | AM11: 5 | AN11: 0.788 | AO11: 10.52 | AP11: 6.08 | AQ11: 1.6
A12: 11 | B12: 014BCR2G | C12: 7.41 | D12: 3.94 | E12: 22769.95 | F12: 20394.13 | G12: 70870.83 | H12: 243901.92 | I12: 1367.88 | J12: 14391.35 | K12: 50900 | L12: 35.09 | M12: 13583.31 | N12: 404.07 | O12: 1430.87 | P12: 87447.33 | Q12: 0.53 | R12: 46.08 | S12: 334.46 | T12: 35.84 | U12: 182.19 | V12: 12.5 | W12: 1.09 | X12: 660.47 | Y12: 23.92 | Z12: 50.78 | AA12: 6.46 | AB12: 28.55 | AC12: 6.25 | AD12: 1.94 | AE12: 6.73 | AF12: 1.035 | AG12: 6.31 | AH12: 1.28 | AI12: 3.68 | AJ12: 0.54 | AK12: 3.52 | AL12: 0.539 | AM12: 4.9 | AN12: 0.835 | AO12: 11.08 | AP12: 6.19 | AQ12: 1.72
A13: 12 | B13: 015MC22-1-16 | C13: 5.1 | D13: 1.22 | E13: 20562.38 | F13: 232828.48 | G13: 68050.4 | H13: 284910.28 | I13: 2543.37 | J13: 9764.58 | K13: 88337.04 | L13: 38.06 | M13: 19325.18 | N13: 308.06 | O13: 2454.12 | P13: 147266.05 | Q13: 0.71 | R13: 29.62 | S13: 887.36 | T13: 20.75 | U13: 291.34 | V13: 93.89 | W13: 0.344 | X13: 400.57 | Y13: 62.11 | Z13: 127.59 | AA13: 14.66 | AB13: 57.33 | AC13: 9.25 | AD13: 2.88 | AE13: 6.8 | AF13: 0.877 | AG13: 4.62 | AH13: 0.88 | AI13: 2.47 | AJ13: 0.262 | AK13: 1.37 | AL13: 0.288 | AM13: 6.86 | AN13: 4.96 | AO13: 11.88 | AP13: 7.32 | AQ13: 1.88
A14: 13 | B14: 016MC22-1-20 | C14: 3.67 | D14: 1.34 | E14: 19468.77 | F14: 28620.62 | G14: 70750.84 | H14: 168647.69 | I14: 1732 | J14: 8132.88 | K14: 96484.63 | L14: 36.79 | M14: 25114.34 | N14: 373.63 | O14: 1104.18 | P14: 64490.9 | Q14: 0.36 | R14: 22 | S14: 748.44 | T14: 30.41 | U14: 307.45 | V14: 63.65 | W14: 0.249 | X14: 308.48 | Y14: 42.6 | Z14: 88.95 | AA14: 11.22 | AB14: 52.14 | AC14: 10.29 | AD14: 3.08 | AE14: 7.41 | AF14: 1.06 | AG14: 6.56 | AH14: 1.16 | AI14: 2.98 | AJ14: 0.336 | AK14: 2.04 | AL14: 0.375 | AM14: 7.63 | AN14: 3.54 | AO14: 6.07 | AP14: 4.58 | AQ14: 1.27
A15: 14 | B15: 017MC22-1-21 | C15: 4.47 | D15: 0.95 | E15: 15344.5 | F15: 107028.45 | G15: 59117.61 | H15: 189700.77 | I15: 1182.82 | J15: 5739.62 | K15: 94269.05 | L15: 33.69 | M15: 23916.99 | N15: 287.85 | O15: 1806.7 | P15: 109588.72 | Q15: 0.37 | R15: 11.69 | S15: 3855.13 | T15: 24.87 | U15: 275.61 | V15: 57.6 | W15: 0.137 | X15: 368.46 | Y15: 37.45 | Z15: 78.94 | AA15: 10.63 | AB15: 50.12 | AC15: 9.81 | AD15: 2.45 | AE15: 6.11 | AF15: 0.839 | AG15: 6.06 | AH15: 1.04 | AI15: 2.46 | AJ15: 0.308 | AK15: 1.92 | AL15: 0.391 | AM15: 5.96 | AN15: 2.8 | AO15: 8.99 | AP15: 4.65 | AQ15: 1.17
A16: 15 | B16: 018MC22-1-26 | C16: 7.33 | D16: 1.54 | E16: 30900.85 | F16: 30189.96 | G16: 80352.15 | H16: 207945.72 | I16: 2456.18 | J16: 11276.95 | K16: 95484.05 | L16: 30.08 | M16: 18899.87 | N16: 284.17 | O16: 1501.65 | P16: 82007.19 | Q16: 0.69 | R16: 38.32 | S16: 1183.1 | T16: 35.05 | U16: 395.12 | V16: 95.9 | W16: 0.47 | X16: 481.34 | Y16: 75.35 | Z16: 150.79 | AA16: 17.47 | AB16: 67.86 | AC16: 11.77 | AD16: 3.56 | AE16: 10.14 | AF16: 1.35 | AG16: 7.44 | AH16: 1.28 | AI16: 3.32 | AJ16: 0.465 | AK16: 2.68 | AL16: 0.36 | AM16: 8.82 | AN16: 5.9 | AO16: 5.22 | AP16: 8.82 | AQ16: 2.08
A17: 16 | B17: 019MC22-1-26B | C17: 7.07 | D17: 1.82 | E17: 30029.12 | F17: 31361.74 | G17: 78365.78 | H17: 204026.72 | I17: 2441.65 | J17: 11191.87 | K17: 95484.05 | L17: 30.82 | M17: 18538.85 | N17: 279.02 | O17: 1483.01 | P17: 79970.2 | Q17: 0.72 | R17: 36.3 | S17: 1169.94 | T17: 35.21 | U17: 397.16 | V17: 94.46 | W17: 0.44 | X17: 469.34 | Y17: 74.06 | Z17: 147.83 | AA17: 17.53 | AB17: 67.29 | AC17: 11.83 | AD17: 3.42 | AE17: 10.12 | AF17: 1.38 | AG17: 7.24 | AH17: 1.28 | AI17: 3.09 | AJ17: 0.429 | AK17: 2.73 | AL17: 0.389 | AM17: 8.72 | AN17: 5.85 | AO17: 18.13 | AP17: 9.01 | AQ17: 1.91
A18: 17 | B18: 020MC22-1-27 | C18: 5.7 | D18: 1.57 | E18: 25121.98 | F18: 21731.77 | G18: 70488.98 | H18: 174514.03 | I18: 2268.46 | J18: 12721.8 | K18: 75615.36 | L18: 17.93 | M18: 16016.61 | N18: 212.8 | O18: 1259.88 | P18: 66244.79 | Q18: 0.72 | R18: 39.7 | S18: 1241.61 | T18: 31.82 | U18: 372.44 | V18: 85.9 | W18: 0.48 | X18: 453.51 | Y18: 63.43 | Z18: 144.71 | AA18: 18.79 | AB18: 65.85 | AC18: 9.82 | AD18: 2.88 | AE18: 7.73 | AF18: 1.26 | AG18: 6.21 | AH18: 1.09 | AI18: 2.58 | AJ18: 0.342 | AK18: 2.47 | AL18: 0.286 | AM18: 6.55 | AN18: 4.71 | AO18: 21.82 | AP18: 7.71 | AQ18: 1.66
A19: 18 | B19: 021MC22-2-1 | C19: 5.2 | D19: 0.96 | E19: 17005.31 | F19: 519711.91 | G19: 76921.13 | H19: 491516.72 | I19: 1786.53 | J19: 8273.93 | K19: 90052.32 | L19: 47.17 | M19: 16352.89 | N19: 214.67 | O19: 3556.48 | P19: 219087.5 | Q19: 0.31 | R19: 15.78 | S19: 760.17 | T19: 29.94 | U19: 298.4 | V19: 48.69 | W19: 0.174 | X19: 187.02 | Y19: 29.03 | Z19: 80.21 | AA19: 11.87 | AB19: 50.02 | AC19: 7.34 | AD19: 1.91 | AE19: 5.37 | AF19: 1.19 | AG19: 5.18 | AH19: 0.77 | AI19: 1.61 | AJ19: 0.225 | AK19: 2.88 | AL19: 0.294 | AM19: 5.63 | AN19: 2.14 | AO19: 100.83 | AP19: 3.68 | AQ19: 0.98
A20: 19 | B20: 022MC22-2-5 | C20: 3.61 | D20: 0.88 | E20: 23006.44 | F20: 31592.42 | G20: 71867.45 | H20: 170653.77 | I20: 1900.95 | J20: 9979.52 | K20: 88194.09 | L20: 31.71 | M20: 19300.11 | N20: 286.62 | O20: 1039.76 | P20: 64840.56 | Q20: 0.46 | R20: 27.29 | S20: 883.03 | T20: 25.18 | U20: 288.92 | V20: 80.93 | W20: 0.303 | X20: 380.46 | Y20: 62.77 | Z20: 120.21 | AA20: 13.43 | AB20: 50.92 | AC20: 7.93 | AD20: 2.32 | AE20: 7.15 | AF20: 1.035 | AG20: 5.13 | AH20: 0.92 | AI20: 2.41 | AJ20: 0.298 | AK20: 2.11 | AL20: 0.269 | AM20: 6.41 | AN20: 4.76 | AO20: 3.72 | AP20: 6.61 | AQ20: 1.5
A21: 20 | B21: 023MC22-2-8 | C21: 3.09 | D21: 5.8 | E21: 11938.23 | F21: 136057.78 | G21: 45683.98 | H21: 208577.73 | I21: 1904.76 | J21: 7952.87 | K21: 93482.88 | L21: 28.16 | M21: 16378.47 | N21: 241.05 | O21: 1659.64 | P21: 107640.5 | Q21: 0.69 | R21: 16.06 | S21: 742.53 | T21: 19.86 | U21: 246.33 | V21: 86.19 | W21: 0.167 | X21: 252.32 | Y21: 42.65 | Z21: 85.75 | AA21: 12.43 | AB21: 52.15 | AC21: 8.04 | AD21: 2.21 | AE21: 5.06 | AF21: 0.79 | AG21: 4.63 | AH21: 0.541 | AI21: 1.92 | AJ21: 0.218 | AK21: 1.79 | AL21: 0.157 | AM21: 4.03 | AN21: 3.56 | AO21: 153.69 | AP21: 6.04 | AQ21: 1.38
A22: 21 | B22: 024KL2 | C22: 5.07 | D22: 2.67 | E22: 18232.34 | F22: 45009.12 | G22: 73842.78 | H22: 243282.55 | I22: 1137.23 | J22: 3938.91 | K22: 77901.7 | L22: 31.33 | M22: 15301.9 | N22: 304.17 | O22: 1274.33 | P22: 88705.16 | Q22: 0.19 | R22: 8.58 | S22: 359 | T22: 26.11 | U22: 154.58 | V22: 14.98 | W22: 0.115 | X22: 131.64 | Y22: 14.4 | Z22: 33.36 | AA22: 4.64 | AB22: 21.81 | AC22: 5.53 | AD22: 1.91 | AE22: 6.13 | AF22: 0.939 | AG22: 5.54 | AH22: 1.03 | AI22: 2.73 | AJ22: 0.361 | AK22: 2.14 | AL22: 0.305 | AM22: 4.51 | AN22: 1.05 | AO22: 2.17 | AP22: 1.09 | AQ22: 0.513
... A38: 37 | B38: 042KL2 | C38: 4.48 | D38: 2.24 | E38: 16538.59 | F38: 41223.55 | G38: 67925.31 | H38: 230785.91 | I38: 963.73 | J38: 4043.26 | K38: 77901.69 | L38: 31.62 | M38: 14438.25 | N38: 281.27 | O38: 1156.76 | P38: 75409.52 | Q38: 0.124 | R38: 8.5 | S38: 341 | T38: 26.36 | U38: 155.92 | V38: 13.88 | W38: 0.127 | X38: 107.87 | Y38: 11.96 | Z38: 29.97 | AA38: 4.4 | AB38: 21 | AC38: 5.39 | AD38: 1.72 | AE38: 5.81 | AF38: 0.842 | AG38: 5.2 | AH38: 0.9 | AI38: 2.23 | AJ38: 0.315 | AK38: 2.23 | AL38: 0.292 | AM38: 3.91 | AN38: 0.89 | AO38: 1.88 | AP38: 1.02 | AQ38: 0.438
A39: 38 | B39: 043GOR132 | C39: 8.93 | D39: 15 | E39: 6291.95 | F39: 139167.44 | G39: 56518.28 | H39: 210152.63 | I39: 125.28 | J39: 175.82 | K39: 60392.23 | L39: 33.48 | M39: 1809.47 | N39: 228.15 | O39: 1230.28 | P39: 81603.91 | Q39: 0.145 | R39: 2.04 | S39: 15.38 | T39: 12.05 | U39: 9.11 | V39: 0.044 | W39: 7.8 | X39: 0.811 | Y39: 0.079 | Z39: 0.354 | AA39: 0.0848 | AB39: 0.563 | AC39: 0.481 | AD39: 0.254 | AE39: 1.11 | AF39: 0.231 | AG39: 2.13 | AH39: 0.446 | AI39: 1.42 | AJ39: 0.226 | AK39: 1.42 | AL39: 0.204 | AM39: 0.362 | AN39: 0.0202 | AO39: 21.97 | AP39: <0.0086 | AQ39: 0.051
A40: 39 | B40: 044KL2 | C40: 5.07 | D40: 2.28 | E40: 17274.14 | F40: 43054.39 | G40: 68768.38 | H40: 238980.2 | I40: 1008.25 | J40: 4070.78 | K40: 77901.68 | L40: 32.54 | M40: 15758.94 | N40: 313.24 | O40: 1277.02 | P40: 82468.35 | Q40: 0.22 | R40: 8.79 | S40: 347.28 | T40: 25.28 | U40: 146.94 | V40: 15.23 | W40: 0.132 | X40: 122.1 | Y40: 13.01 | Z40: 31.82 | AA40: 4.59 | AB40: 21.38 | AC40: 5.44 | AD40: 1.95 | AE40: 6.02 | AF40: 0.87 | AG40: 5.06 | AH40: 1 | AI40: 2.53 | AJ40: 0.32 | AK40: 1.97 | AL40: 0.285 | AM40: 4.14 | AN40: 0.92 | AO40: 2.13 | AP40: 1.01 | AQ40: 0.474
A41: 40 | B41: 045KL2 | C41: 4.99 | D41: 2.47 | E41: 17742.6 | F41: 43981.13 | G41: 69712.15 | H41: 240256.08 | I41: 1042.94 | J41: 3973.53 | K41: 77901.69 | L41: 31.49 | M41: 15681.25 | N41: 310.46 | O41: 1267.86 | P41: 84367.95 | Q41: 0.155 | R41: 8.93 | S41: 352.89 | T41: 24.92 | U41: 148.61 | V41: 14.96 | W41: 0.126 | X41: 119.61 | Y41: 12.62 | Z41: 32.14 | AA41: 4.44 | AB41: 20.11 | AC41: 5.31 | AD41: 1.91 | AE41: 5.7 | AF41: 0.864 | AG41: 5.03 | AH41: 0.9 | AI41: 2.55 | AJ41: 0.34 | AK41: 2.06 | AL41: 0.323 | AM41: 3.97 | AN41: 0.9 | AO41: 2.06 | AP41: 1.03 | AQ41: 0.502
A42: 41 | B42: 046KL2 | C42: 5.13 | D42: 2.9 | E42: 17731.5 | F42: 44485.9 | G42: 68889.89 | H42: 237803.67 | I42: 1026.99 | J42: 4027.16 | K42: 77901.69 | L42: 31.07 | M42: 15243.38 | N42: 309.66 | O42: 1275.52 | P42: 85911.7 | Q42: 0.165 | R42: 8.64 | S42: 350.88 | T42: 24.52 | U42: 148.25 | V42: 14.96 | W42: 0.102 | X42: 120.9 | Y42: 12.85 | Z42: 31.96 | AA42: 4.43 | AB42: 20.59 | AC42: 5.16 | AD42: 1.86 | AE42: 6.07 | AF42: 0.854 | AG42: 4.77 | AH42: 0.93 | AI42: 2.53 | AJ42: 0.315 | AK42: 2.07 | AL42: 0.256 | AM42: 3.59 | AN42: 0.92 | AO42: 2.09 | AP42: 1 | AQ42: 0.514
A43: 42 | B43: 047GOR128 | C43: 9.24 | D43: 17.88 | E43: 4404.9 | F43: 141464.02 | G43: 52126.84 | H43: 197711.66 | I43: 80.03 | J43: 206.4 | K43: 44597.33 | L43: 29.57 | M43: 1726.76 | N43: 186.72 | O43: 1363.61 | P43: 76592.48 | Q43: <0.076 | R43: 0.364 | S43: 29.94 | T43: 11 | U43: 8.98 | V43: 0.097 | W43: 0.194 | X43: 1.02 | Y43: 0.113 | Z43: 0.453 | AA43: 0.0767 | AB43: 0.724 | AC43: 0.505 | AD43: 0.271 | AE43: 1.09 | AF43: 0.234 | AG43: 1.82 | AH43: 0.401 | AI43: 1.32 | AJ43: 0.156 | AK43: 1.18 | AL43: 0.167 | AM43: 0.344 | AN43: 0.0166 | AO43: 0.31 | AP43: <0.0067 | AQ43: 0.0095
A44: 43 | B44: 048MC59-1-2A | C44: 9.79 | D44: 2.62 | E44: 44626.88 | F44: 59173.95 | G44: 106219.51 | H44: 253006.88 | I44: 3797.93 | J44: 22731.52 | K44: 64751.9 | L44: 16.17 | M44: 20015.58 | N44: 176.06 | O44: 1745.18 | P44: 77952.2 | Q44: 1.01 | R44: 69.05 | S44: 1197.36 | T44: 39.48 | U44: 460.83 | V44: 143.83 | W44: 0.58 | X44: 697.19 | Y44: 111.63 | Z44: 237.74 | AA44: 26.36 | AB44: 92 | AC44: 13.79 | AD44: 4.35 | AE44: 11.63 | AF44: 1.68 | AG44: 8.1 | AH44: 1.43 | AI44: 3.5 | AJ44: 0.53 | AK44: 3.58 | AL44: 0.427 | AM44: 8.21 | AN44: 8.65 | AO44: 10.37 | AP44: 11.27 | AQ44: 2.9
A45: 44 | B45: 049MC59-2-1A | C45: 4.3 | D45: 2.32 | E45: 27329.81 | F45: 21154.34 | G45: 81745.2 | H45: 190084.97 | I45: 4388.04 | J45: 8578.81 | K45: 114137.73 | L45: 34.87 | M45: 23252.36 | N45: 350.26 | O45: 966.41 | P45: 58572.9 | Q45: 0.4 | R45: 22.02 | S45: 633.7 | T45: 28.57 | U45: 224.41 | V45: 41.96 | W45: 0.281 | X45: 275.03 | Y45: 27.44 | Z45: 64.62 | AA45: 9.07 | AB45: 41.34 | AC45: 9.3 | AD45: 2.94 | AE45: 8.13 | AF45: 1.08 | AG45: 5.86 | AH45: 1.17 | AI45: 2.71 | AJ45: 0.418 | AK45: 2.34 | AL45: 0.309 | AM45: 5.44 | AN45: 2.56 | AO45: 2.8 | AP45: 2.4 | AQ45: 0.86
A46: 45 | B46: 050MC59-2-6A | C46: 6.87 | D46: 3.75 | E46: 33087.27 | F46: 40047.36 | G46: 96657.41 | H46: 224707.58 | I46: 6166.63 | J46: 35982.24 | K46: 76830.34 | L46: 22.48 | M46: 13132.22 | N46: 313.52 | O46: 1453.86 | P46: 74932.47 | Q46: 1.45 | R46: 121.2 | S46: 2279.12 | T46: 32.23 | U46: 459.44 | V46: 250.89 | W46: 1.49 | X46: 1424.14 | Y46: 133.39 | Z46: 199.02 | AA46: 19.07 | AB46: 63.42 | AC46: 10.39 | AD46: 3.22 | AE46: 8 | AF46: 1.03 | AG46: 6.2 | AH46: 1.27 | AI46: 3.54 | AJ46: 0.47 | AK46: 3.54 | AL46: 0.515 | AM46: 10.88 | AN46: 16.64 | AO46: 11.58 | AP46: 22.82 | AQ46: 5.63
A47: 46 | B47: 051MC59-9-1A | C47: 5.87 | D47: 2.75 | E47: 30135.31 | F47: 32786.87 | G47: 86921.61 | H47: 211769.61 | I47: 1809.58 | J47: 9777.27 | K47: 108420.13 | L47: 35.08 | M47: 21476.94 | N47: 331.23 | O47: 1091.11 | P47: 64955.32 | Q47: 0.94 | R47: 37.14 | S47: 1083.29 | T47: 28.8 | U47: 374.14 | V47: 109.45 | W47: 0.52 | X47: 486.48 | Y47: 81.54 | Z47: 158.46 | AA47: 16.78 | AB47: 60.77 | AC47: 9.95 | AD47: 3.32 | AE47: 8.51 | AF47: 1.09 | AG47: 6.53 | AH47: 1.14 | AI47: 2.66 | AJ47: 0.371 | AK47: 2.31 | AL47: 0.282 | AM47: 8.81 | AN47: 6.35 | AO47: 3.79 | AP47: 9.51 | AQ47: 2.63
A48: 47 | B48: 052MC59-9-1B | C48: 5.53 | D48: 2.92 | E48: 31089.67 | F48: 87649.75 | G48: 86524.04 | H48: 258177.17 | I48: 1951.97 | J48: 10592.96 | K48: 112350.98 | L48: 41.18 | M48: 20577.35 | N48: 301.14 | O48: 1535.05 | P48: 113570.77 | Q48: 0.96 | R48: 37.59 | S48: 990.34 | T48: 26.62 | U48: 390.05 | V48: 96.9 | W48: 0.51 | X48: 480.95 | Y48: 89.43 | Z48: 154.11 | AA48: 16.67 | AB48: 61.77 | AC48: 9.27 | AD48: 2.86 | AE48: 9.62 | AF48: 1.09 | AG48: 6.77 | AH48: 1.36 | AI48: 3.48 | AJ48: 0.42 | AK48: 1.93 | AL48: 0.383 | AM48: 10.54 | AN48: 6.91 | AO48: 4.26 | AP48: 10.03 | AQ48: 2.4
A49: 48 | B49: 053MC59-9-1B2 | C49: 6.25 | D49: 3.88 | E49: 40759.39 | F49: 50641.32 | G49: 94393.63 | H49: 310093.81 | I49: 2735.54 | J49: 13822.55 | K49: 112350.98 | L49: 38.86 | M49: 20957.25 | N49: 383.45 | O49: 1403.14 | P49: 102356.7 | Q49: 1.28 | R49: 52.98 | S49: 1188.79 | T49: 31.9 | U49: 453.19 | V49: 133.69 | W49: 0.69 | X49: 554.89 | Y49: 93.78 | Z49: 182.51 | AA49: 19.36 | AB49: 70.78 | AC49: 10.85 | AD49: 3.47 | AE49: 9.95 | AF49: 1.27 | AG49: 6.49 | AH49: 1.27 | AI49: 3.5 | AJ49: 0.363 | AK49: 2.59 | AL49: 0.307 | AM49: 10.28 | AN49: 7.11 | AO49: 6.63 | AP49: 11.19 | AQ49: 3.18
A50: 49 | B50: 054MC59-2-8A | C50: 3.95 | D50: 0.72 | E50: 23829.33 | F50: 116898.38 | G50: 89292.41 | H50: 237802.3 | I50: 1646.56 | J50: 8239.21 | K50: 113280.09 | L50: 36.76 | M50: 18960.86 | N50: 305.44 | O50: 1290.7 | P50: 79327.91 | Q50: 0.7 | R50: 22.08 | S50: 844.19 | T50: 29.47 | U50: 281.84 | V50: 59.65 | W50: 0.213 | X50: 329.55 | Y50: 44.13 | Z50: 98.57 | AA50: 12.46 | AB50: 49.66 | AC50: 8.51 | AD50: 2.86 | AE50: 7.39 | AF50: 1.11 | AG50: 5.51 | AH50: 1.02 | AI50: 2.5 | AJ50: 0.333 | AK50: 2.45 | AL50: 0.252 | AM50: 5.66 | AN50: 3.75 | AO50: 6.19 | AP50: 4.4 | AQ50: 1.22
A51: 50 | B51: 055MC59-1-3A | C51: 4.02 | D51: 2.71 | E51: 29689.55 | F51: 220437.08 | G51: 102801.8 | H51: 307653.09 | I51: 1631.29 | J51: 8241.64 | K51: 112636.85 | L51: 37.07 | M51: 20528.77 | N51: 356.1 | O51: 2041.39 | P51: 127461.78 | Q51: 0.38 | R51: 27.24 | S51: 996.57 | T51: 30.58 | U51: 286.6 | V51: 68.31 | W51: 0.238 | X51: 355.64 | Y51: 63.08 | Z51: 132.64 | AA51: 14.48 | AB51: 56.93 | AC51: 10.03 | AD51: 3.39 | AE51: 8.9 | AF51: 1.2 | AG51: 7.48 | AH51: 1.29 | AI51: 3.73 | AJ51: 0.54 | AK51: 2.77 | AL51: 0.359 | AM51: 7.5 | AN51: 4.63 | AO51: 5.89 | AP51: 4.92 | AQ51: 1.46
A52: 51 | B52: 056MC59-1-3B | C52: 4.59 | D52: 2.47 | E52: 29368.58 | F52: 39620.71 | G52: 99742.35 | H52: 207311.67 | I52: 3121.11 | J52: 13489.34 | K52: 106990.72 | L52: 27.33 | M52: 18286.2 | N52: 387.83 | O52: 1138.03 | P52: 67592.09 | Q52: 0.82 | R52: 44.77 | S52: 1363.1 | T52: 36.47 | U52: 402.56 | V52: 125.36 | W52: 0.38 | X52: 614.54 | Y52: 111.66 | Z52: 208.29 | AA52: 22.16 | AB52: 79.1 | AC52: 12.42 | AD52: 3.7 | AE52: 10.79 | AF52: 1.45 | AG52: 7.34 | AH52: 1.43 | AI52: 3.6 | AJ52: 0.53 | AK52: 2.95 | AL52: 0.327 | AM52: 8.49 | AN52: 8.2 | AO52: 21.06 | AP52: 10.43 | AQ52: 2.56
A53: 52 | B53: 057MC59-1-7B | C53: 5.68 | D53: 2.24 | E53: 33654.76 | F53: 27416.9 | G53: 87475.92 | H53: 220188.77 | I53: 2094.34 | J53: 9918.6 | K53: 103274.27 | L53: 29.87 | M53: 26801.64 | N53: 324.94 | O53: 1412.79 | P53: 83581.31 | Q53: 0.56 | R53: 24.34 | S53: 1011.95 | T53: 36.51 | U53: 403.85 | V53: 67.26 | W53: 0.288 | X53: 313.34 | Y53: 54.96 | Z53: 128.8 | AA53: 16.25 | AB53: 69.73 | AC53: 13.98 | AD53: 4 | AE53: 11.1 | AF53: 1.56 | AG53: 8.03 | AH53: 1.37 | AI53: 3.44 | AJ53: 0.446 | AK53: 2.75 | AL53: 0.359 | AM53: 10.11 | AN53: 4.01 | AO53: 4.07 | AP53: 5.07 | AQ53: 1.39
A54: 53 | B54: 058MC82-6 | C54: 4.03 | D54: 1.67 | E54: 21856.55 | F54: 22635.95 | G54: 77475.99 | H54: 170249.72 | I54: 1855.71 | J54: 8862.9 | K54: 91982.01 | L54: 28.02 | M54: 19205.7 | N54: 283.4 | O54: 1100.03 | P54: 65180.92 | Q54: 0.44 | R54: 25.19 | S54: 855.26 | T54: 29.09 | U54: 281.53 | V54: 70.1 | W54: 0.281 | X54: 300.28 | Y54: 51.95 | Z54: 108.26 | AA54: 12.95 | AB54: 52.23 | AC54: 8.63 | AD54: 2.71 | AE54: 8.26 | AF54: 1.19 | AG54: 6.12 | AH54: 0.96 | AI54: 2.45 | AJ54: 0.393 | AK54: 2.11 | AL54: 0.279 | AM54: 5.59 | AN54: 3.75 | AO54: 3.8 | AP54: 6.02 | AQ54: 1.24
A55: 54 | B55: 059MC82-11 | C55: 4.44 | D55: 2.42 | E55: 24432.84 | F55: 68036.59 | G55: 90426.33 | H55: 228742.73 | I55: 2794.03 | J55: 12290.9 | K55: 112065.09 | L55: 38.56 | M55: 23168.01 | N55: 379.06 | O55: 1558.23 | P55: 93138.12 | Q55: 0.71 | R55: 32.75 | S55: 1159.21 | T55: 37.82 | U55: 393.95 | V55: 112.51 | W55: 0.44 | X55: 460.62 | Y55: 83.92 | Z55: 168.57 | AA55: 19.92 | AB55: 81.26 | AC55: 12.37 | AD55: 3.2 | AE55: 9.8 | AF55: 1.47 | AG55: 7.49 | AH55: 1.21 | AI55: 3.23 | AJ55: 0.47 | AK55: 3.12 | AL55: 0.411 | AM55: 8.33 | AN55: 6.09 | AO55: 5.5 | AP55: 9.55 | AQ55: 2.06
... A63: 62 | B63: 067KL2 | C63: 4.63 | D63: 2.33 | E63: 15818.21 | F63: 41401.93 | G63: 66749.8 | H63: 226600.16 | I63: 923.15 | J63: 3958.82 | K63: 77901.69 | L63: 31.02 | M63: 14623.09 | N63: 290.86 | O63: 1183.62 | P63: 79138.84 | Q63: 0.15 | R63: 8.19 | S63: 353.12 | T63: 25.86 | U63: 153.05 | V63: 14.34 | W63: 0.13 | X63: 114.44 | Y63: 12.83 | Z63: 30.74 | AA63: 4.56 | AB63: 20.61 | AC63: 5.36 | AD63: 1.78 | AE63: 5.37 | AF63: 0.89 | AG63: 4.94 | AH63: 0.93 | AI63: 2.29 | AJ63: 0.335 | AK63: 1.91 | AL63: 0.27 | AM63: 3.8 | AN63: 0.85 | AO63: 2 | AP63: 1.03 | AQ63: 0.52
A64: 63 | B64: 068GOR132 | C64: 9.08 | D64: 19.34 | E64: 6606.55 | F64: 145912.08 | G64: 58787.34 | H64: 204403.08 | I64: 109.8 | J64: 165.11 | K64: 60392.23 | L64: 36.73 | M64: 1783.36 | N64: 224.85 | O64: 1262.49 | P64: 83573.19 | Q64: 0.19 | R64: 2.18 | S64: 15.13 | T64: 13.46 | U64: 9.98 | V64: 0.045 | W64: 7.73 | X64: 0.72 | Y64: 0.103 | Z64: 0.346 | AA64: 0.086 | AB64: 0.553 | AC64: 0.535 | AD64: 0.26 | AE64: 1.16 | AF64: 0.268 | AG64: 2.14 | AH64: 0.514 | AI64: 1.64 | AJ64: 0.233 | AK64: 1.48 | AL64: 0.242 | AM64: 0.387 | AN64: 0.0175 | AO64: 21.83 | AP64: <0.0094 | AQ64: 0.057
A65: 64 | B65: 069GOR128 | C65: 9.64 | D65: 23.5 | E65: 4570.77 | F65: 172213.22 | G65: 55151.23 | H65: 212924.61 | I65: 75.83 | J65: 207.78 | K65: 44597.33 | L65: 32.63 | M65: 1718.38 | N65: 187.1 | O65: 1413.19 | P65: 77758.51 | Q65: 0.096 | R65: 0.42 | S65: 30.22 | T65: 11.94 | U65: 9.86 | V65: 0.078 | W65: 0.2 | X65: 1.07 | Y65: 0.116 | Z65: 0.459 | AA65: 0.097 | AB65: 0.77 | AC65: 0.55 | AD65: 0.262 | AE65: 1.22 | AF65: 0.235 | AG65: 1.92 | AH65: 0.472 | AI65: 1.39 | AJ65: 0.224 | AK65: 1.38 | AL65: 0.235 | AM65: 0.429 | AN65: 0.017 | AO65: 0.3 | AP65: 0.0123 | AQ65: <0.0083
A66: 65 | B66: 070BCR2G | C66: 21.43 | D66: 18.36 | E66: 35441.45 | F66: 31575.06 | G66: 127426.41 | H66: 350929.59 | I66: 3219.99 | J66: 52128.09 | K66: 71470.09 | L66: 34.26 | M66: 7467.19 | N66: 267.99 | O66: 2042.17 | P66: 92144.83 | Q66: 0.76 | R66: 203.2 | S66: 1889.72 | T66: 33.76 | U66: 332.32 | V66: 41.39 | W66: 4.1 | X66: 1382.04 | Y66: 62.7 | Z66: 125.86 | AA66: 14.44 | AB66: 56.48 | AC66: 9.75 | AD66: 2.58 | AE66: 8.49 | AF66: 1.11 | AG66: 6.49 | AH66: 1.28 | AI66: 3.56 | AJ66: 0.54 | AK66: 3.81 | AL66: 0.58 | AM66: 8.45 | AN66: 2.21 | AO66: 25.64 | AP66: 21.51 | AQ66: 6.18
A67: 66 | B67: 071MC82-12 | C67: 6.74 | D67: 2.96 | E67: 28808.95 | F67: 28147.19 | G67: 74092.8 | H67: 203042.41 | I67: 2617.97 | J67: 11925.48 | K67: 89552.02 | L67: 29.1 | M67: 21538.21 | N67: 305.05 | O67: 1387.24 | P67: 81253.88 | Q67: 0.81 | R67: 27.56 | S67: 897.93 | T67: 28.81 | U67: 303.43 | V67: 82.3 | W67: 0.32 | X67: 331.83 | Y67: 51.64 | Z67: 104.1 | AA67: 13.82 | AB67: 55.23 | AC67: 9.62 | AD67: 2.98 | AE67: 7.7 | AF67: 1.07 | AG67: 6.25 | AH67: 1.13 | AI67: 2.43 | AJ67: 0.325 | AK67: 2.24 | AL67: 0.334 | AM67: 6.17 | AN67: 4.09 | AO67: 4.52 | AP67: 6.1 | AQ67: 1.54
A68: 67 | B68: 072MC82-12B | C68: 6.79 | D68: 1.82 | E68: 28897.83 | F68: 28282.02 | G68: 72967.48 | H68: 192714.38 | I68: 2454.95 | J68: 11654.02 | K68: 89552.02 | L68: 26.47 | M68: 18242.11 | N68: 268.09 | O68: 1297.77 | P68: 76865.91 | Q68: 0.58 | R68: 28.16 | S68: 876.34 | T68: 26.42 | U68: 282.16 | V68: 76.27 | W68: 0.286 | X68: 324.29 | Y68: 49.27 | Z68: 102.33 | AA68: 13.3 | AB68: 53.14 | AC68: 9.99 | AD68: 2.55 | AE68: 7.17 | AF68: 1.06 | AG68: 6.22 | AH68: 1 | AI68: 2.38 | AJ68: 0.328 | AK68: 1.94 | AL68: 0.292 | AM68: 6 | AN68: 4.14 | AO68: 3.66 | AP68: 5.92 | AQ68: 1.41
A69: 68 | B69: 073MC82-19 | C69: 5.55 | D69: 2.67 | E69: 21350.03 | F69: 295328.94 | G69: 69446.66 | H69: 342625.63 | I69: 2344.03 | J69: 9813.51 | K69: 97628.13 | L69: 40.45 | M69: 18942.48 | N69: 315.25 | O69: 3642.78 | P69: 218632.84 | Q69: 0.57 | R69: 25.03 | S69: 830.98 | T69: 27.62 | U69: 281.26 | V69: 83.58 | W69: 0.35 | X69: 332.08 | Y69: 56.89 | Z69: 115.19 | AA69: 13.58 | AB69: 58.86 | AC69: 9.08 | AD69: 2.45 | AE69: 6.56 | AF69: 1.12 | AG69: 6.23 | AH69: 1.1 | AI69: 2.29 | AJ69: 0.328 | AK69: 2.58 | AL69: 0.292 | AM69: 5.33 | AN69: 4.35 | AO69: 4.31 | AP69: 7.45 | AQ69: 1.49
A70: 69 | B70: 074MC82-21 | C70: 4.2 | D70: 2.17 | E70: 20251.1 | F70: 22454.33 | G70: 72580.84 | H70: 195269.75 | I70: 2062.18 | J70: 8294.77 | K70: 97699.61 | L70: 29.46 | M70: 19831.37 | N70: 277.48 | O70: 1150.49 | P70: 64504.45 | Q70: 0.5 | R70: 20.17 | S70: 788.63 | T70: 23.34 | U70: 223.02 | V70: 61.87 | W70: 0.183 | X70: 273.29 | Y70: 39.94 | Z70: 90.41 | AA70: 11.97 | AB70: 46.67 | AC70: 8.92 | AD70: 2.73 | AE70: 6.3 | AF70: 0.96 | AG70: 5.43 | AH70: 0.78 | AI70: 2.11 | AJ70: 0.301 | AK70: 2 | AL70: 0.228 | AM70: 4.66 | AN70: 3.07 | AO70: 55.49 | AP70: 4.48 | AQ70: 1.31
A71: 70 | B71: 075MC82-28 | C71: 6.89 | D71: 11.73 | E71: 62656.69 | F71: 47689.06 | G71: 146801.05 | H71: 288315.84 | I71: 3722.46 | J71: 17658.44 | K71: 71970.38 | L71: 15.14 | M71: 20235.1 | N71: 218.75 | O71: 1959.33 | P71: 121283 | Q71: 2.83 | R71: 85.1 | S71: 1599.46 | T71: 43.16 | U71: 388.93 | V71: 98.65 | W71: 0.43 | X71: 832.48 | Y71: 157.62 | Z71: 334.69 | AA71: 27.26 | AB71: 77.61 | AC71: 10.45 | AD71: 4.84 | AE71: 19.71 | AF71: 1.62 | AG71: 6.88 | AH71: 1.17 | AI71: 4.33 | AJ71: 0.76 | AK71: 4.06 | AL71: 0.29 | AM71: 8.25 | AN71: 11.12 | AO71: 1846.88 | AP71: 9.25 | AQ71: 2.11
A72: 71 | B72: 076MC82-32 | C72: 2.41 | D72: 1.23 | E72: 14642.34 | F72: 16258.56 | G72: 50176.17 | H72: 143550.42 | I72: 1920.85 | J72: 11675.49 | K72: 90909.95 | L72: 23.85 | M72: 13812.56 | N72: 175.79 | O72: 713.79 | P72: 40814.19 | Q72: 0.37 | R72: 16.3 | S72: 632.34 | T72: 21.85 | U72: 248.83 | V72: 57.25 | W72: 0.204 | X72: 187.03 | Y72: 30.53 | Z72: 67.68 | AA72: 10.64 | AB72: 50.19 | AC72: 7.59 | AD72: 1.74 | AE72: 4.64 | AF72: 0.8 | AG72: 5.2 | AH72: 0.68 | AI72: 1.32 | AJ72: 0.207 | AK72: 1.75 | AL72: 0.225 | AM72: 3.35 | AN72: 2.42 | AO72: 3.09 | AP72: 5.01 | AQ72: 0.92
A73: 72 | B73: 077MC82-40 | C73: 4.85 | D73: 2.5 | E73: 27177.84 | F73: 33307.82 | G73: 87502.42 | H73: 208005.63 | I73: 2330.29 | J73: 11159.31 | K73: 96627.55 | L73: 34.61 | M73: 20709.35 | N73: 347.87 | O73: 1361.39 | P73: 80868.11 | Q73: 0.63 | R73: 30.9 | S73: 863.95 | T73: 26.76 | U73: 262.93 | V73: 75.18 | W73: 0.34 | X73: 382.25 | Y73: 53.22 | Z73: 109.48 | AA73: 12.91 | AB73: 48.18 | AC73: 9.2 | AD73: 2.91 | AE73: 8.2 | AF73: 1.04 | AG73: 6.02 | AH73: 1.11 | AI73: 2.76 | AJ73: 0.42 | AK73: 2.03 | AL73: 0.32 | AM73: 6.2 | AN73: 4.66 | AO73: 4.1 | AP73: 5.85 | AQ73: 1.45
A74: 73 | B74: 078MC82-5 | C74: 7.51 | D74: 12.2 | E74: 32447.35 | F74: 23898.08 | G74: 84062.66 | H74: 188322.47 | I74: 3384.98 | J74: 14287.32 | K74: 63751.32 | L74: 16.19 | M74: 18514.17 | N74: 372.46 | O74: 1279.45 | P74: 43578.31 | Q74: 1.28 | R74: 40.93 | S74: 1527.33 | T74: 30.64 | U74: 357.99 | V74: 122.29 | W74: 0.44 | X74: 622.62 | Y74: 97.11 | Z74: 186.89 | AA74: 20.83 | AB74: 75.57 | AC74: 11.68 | AD74: 3.54 | AE74: 9.59 | AF74: 1.18 | AG74: 6.35 | AH74: 1.2 | AI74: 2.82 | AJ74: 0.43 | AK74: 2.54 | AL74: 0.332 | AM74: 7.53 | AN74: 7.1 | AO74: 1714.57 | AP74: 9.79 | AQ74: 2.53
A75: 74 | B75: 079MC99U-7 | C75: 6.87 | D75: 4.87 | E75: 26100.17 | F75: 177851.2 | G75: 86904.08 | H75: 301774.66 | I75: 3891.53 | J75: 12325.35 | K75: 97199.32 | L75: 38.5 | M75: 12992.25 | N75: 224.58 | O75: 2143.81 | P75: 124466.71 | Q75: 1.26 | R75: 50.88 | S75: 1458.3 | T75: 27.55 | U75: 471.34 | V75: 130.94 | W75: 0.62 | X75: 624.44 | Y75: 116.25 | Z75: 227.12 | AA75: 23.85 | AB75: 81.89 | AC75: 10.87 | AD75: 2.98 | AE75: 8.33 | AF75: 1.06 | AG75: 5.53 | AH75: 1.03 | AI75: 2.57 | AJ75: 0.344 | AK75: 2.13 | AL75: 0.328 | AM75: 9.58 | AN75: 8.01 | AO75: 7.72 | AP75: 12.51 | AQ75: 2.91
A76: 75 | B76: 080MC99U-10 | C76: 5.03 | D76: 1.62 | E76: 20926.3 | F76: 130308.17 | G76: 87380.28 | H76: 259355.52 | I76: 1964.47 | J76: 9553.02 | K76: 115638.6 | L76: 41.81 | M76: 24132.6 | N76: 343.74 | O76: 1800.64 | P76: 105340.88 | Q76: 0.6 | R76: 26.73 | S76: 861.6 | T76: 31.26 | U76: 283.21 | V76: 79.81 | W76: 0.31 | X76: 367.12 | Y76: 57.52 | Z76: 110.53 | AA76: 13.45 | AB76: 52.91 | AC76: 10.01 | AD76: 2.71 | AE76: 8.32 | AF76: 1.1 | AG76: 6.55 | AH76: 1.09 | AI76: 2.75 | AJ76: 0.4 | AK76: 2.07 | AL76: 0.341 | AM76: 6.92 | AN76: 4.35 | AO76: 7.37 | AP76: 6.2 | AQ76: 1.55
A77: 76 | B77: 081KL2 | C77: 5.09 | D77: 3.13 | E77: 16812.69 | F77: 43846.64 | G77: 68025.53 | H77: 237209.92 | I77: 977.62 | J77: 4045.55 | K77: 77901.69 | L77: 32.55 | M77: 15526.99 | N77: 314.21 | O77: 1283.19 | P77: 83340.62 | Q77: 0.16 | R77: 8.73 | S77: 351.57 | T77: 24.99 | U77: 148.12 | V77: 14.77 | W77: 0.084 | X77: 120.24 | Y77: 12.75 | Z77: 32.01 | AA77: 4.6 | AB77: 21.52 | AC77: 5.12 | AD77: 1.97 | AE77: 5.85 | AF77: 0.84 | AG77: 5.1 | AH77: 0.91 | AI77: 2.36 | AJ77: 0.342 | AK77: 2 | AL77: 0.252 | AM77: 3.71 | AN77: 0.88 | AO77: 2.04 | AP77: 0.98 | AQ77: 0.55
... A79: 78 | B79: 083KL2 | C79: 5.32 | D79: 3.69 | E79: 18344.55 | F79: 47033.02 | G79: 74728.29 | H79: 234139.11 | I79: 987.47 | J79: 4088.98 | K79: 77901.7 | L79: 31 | M79: 15255.21 | N79: 314.08 | O79: 1325.92 | P79: 86456.66 | Q79: 0.14 | R79: 9.19 | S79: 374.86 | T79: 25.76 | U79: 153.81 | V79: 15.07 | W79: 0.14 | X79: 128.81 | Y79: 13.81 | Z79: 33.85 | AA79: 4.71 | AB79: 21.04 | AC79: 5.95 | AD79: 1.91 | AE79: 6.31 | AF79: 0.96 | AG79: 5.54 | AH79: 0.94 | AI79: 2.84 | AJ79: 0.346 | AK79: 2.09 | AL79: 0.278 | AM79: 3.95 | AN79: 1 | AO79: 2.11 | AP79: 1.03 | AQ79: 0.56

Sheet Sheet4
A1: Element | B1: Li7 | C1: B11 | D1: Na23 | E1: Mg24 | F1: Al27 | G1: Si29 | H1: P31 | I1: K39 | J1: Ca43 | K1: Sc45 | L1: Ti47 | M1: V51 | N1: Mn55 | O1: Fe57 | P1: As75 | Q1: Rb85 | R1: Sr88 | S1: Y89 | T1: Zr90 | U1: Nb93 | V1: Cs133 | W1: Ba138 | X1: La139 | Y1: Ce140 | Z1: Pr141 | AA1: Nd146 | AB1: Sm147 | AC1: Eu151 | AD1: Gd157 | AE1: Tb159 | AF1: Dy163 | AG1: Ho165 | AH1: Er166 | AI1: Tm169 | AJ1: Yb172 | AK1: Lu175 | AL1: Hf178 | AM1: Ta181 | AN1: Pb208 | AO1: Th232 | AP1: U238
A2: 005KL2 | B2: 5.22 | C2: 2.48 | D2: 17245.47 | E2: 44940.31 | F2: 69620.05 | G2: 233055.86 | H2: 919.53 | I2: 4019.08 | J2: 77901.7 | K2: 31.98 | L2: 15304.21 | M2: 310.73 | N2: 1286.29 | O2: 82919.68 | P2: 0.107 | Q2: 8.89 | R2: 353.77 | S2: 24.97 | T2: 147.91 | U2: 14.71 | V2: 0.11 | W2: 123.03 | X2: 13.2 | Y2: 31.48 | Z2: 4.63 | AA2: 21.51 | AB2: 5.69 | AC2: 1.83 | AD2: 5.69 | AE2: 0.889 | AF2: 5.19 | AG2: 0.96 | AH2: 2.49 | AI2: 0.33 | AJ2: 2.08 | AK2: 0.288 | AL2: 3.69 | AM2: 0.936 | AN2: 2.08 | AO2: 0.977 | AP2: 0.558
A3: 007BM90 | B3: 2.02 | C3: 1.67 | D3: 872.46 | E3: 208008.56 | F3: 12476.81 | G3: 241693.27 | H3: 18.41 | I3: <24.43 | J3: 15008.72 | K3: 16.53 | L3: 367.15 | M3: 56 | N3: 835.55 | O3: 56222.92 | P3: 0.104 | Q3: 0.262 | R3: 0.669 | S3: 2.21 | T3: 20.02 | U3: 0.022 | V3: 0.84 | W3: 0.463 | X3: 0.215 | Y3: 0.414 | Z3: 0.0784 | AA3: 0.412 | AB3: 0.107 | AC3: 0.0436 | AD3: 0.282 | AE3: 0.0438 | AF3: 0.359 | AG3: 0.084 | AH3: 0.216 | AI3: 0.0425 | AJ3: 0.301 | AK3: 0.0561 | AL3: 0.59 | AM3: 0.0046 | AN3: 0.475 | AO3: 0.056 | AP3: 0.085
A4: 008BM90 | B4: 1.72 | C4: 1.76 | D4: 868.99 | E4: 208148.02 | F4: 12030.06 | G4: 241599.27 | H4: 17.81 | I4: <25.01 | J4: 15008.72 | K4: 16.46 | L4: 348.62 | M4: 55.91 | N4: 843.48 | O4: 56710.61 | P4: <0.074 | Q4: 0.304 | R4: 0.65 | S4: 2.32 | T4: 19.52 | U4: <0.0218 | V4: 0.9 | W4: 0.44 | X4: 0.177 | Y4: 0.443 | Z4: 0.0734 | AA4: 0.389 | AB4: 0.151 | AC4: 0.0526 | AD4: 0.28 | AE4: 0.0453 | AF4: 0.387 | AG4: 0.091 | AH4: 0.258 | AI4: 0.0465 | AJ4: 0.318 | AK4: 0.0548 | AL4: 0.543 | AM4: <0.0062 | AN4: 0.479 | AO4: 0.0545 | AP4: 0.072
A5: 009GOR132 | B5: 8.87 | C5: 11.71 | D5: 6672.55 | E5: 142794.02 | F5: 57438.87 | G5: 218643.95 | H5: 118.34 | I5: 189.71 | J5: 60392.23 | K5: 35.59 | L5: 1785.51 | M5: 233.08 | N5: 1251.49 | O5: 86376.49 | P5: 0.141 | Q5: 2.31 | R5: 15.82 | S5: 13.19 | T5: 9.58 | U5: 0.069 | V5: 8.21 | W5: 0.868 | X5: 0.093 | Y5: 0.344 | Z5: 0.088 | AA5: 0.743 | AB5: 0.486 | AC5: 0.262 | AD5: 1.14 | AE5: 0.215 | AF5: 2.08 | AG5: 0.489 | AH5: 1.6 | AI5: 0.229 | AJ5: 1.42 | AK5: 0.232 | AL5: 0.348 | AM5: 0.0362 | AN5: 22.24 | AO5: 0.0075 | AP5: 0.051
A6: 010GOR132 | B6: 8.99 | C6: 11.28 | D6: 6319.15 | E6: 138234.5 | F6: 56407.36 | G6: 212192.69 | H6: 111.61 | I6: 165.22 | J6: 60392.23 | K6: 34.88 | L6: 1743.55 | M6: 220.64 | N6: 1203.94 | O6: 83189.79 | P6: 0.107 | Q6: 2.15 | R6: 15.1 | S6: 13.12 | T6: 9.84 | U6: 0.0263 | V6: 8.04 | W6: 0.683 | X6: 0.08 | Y6: 0.311 | Z6: 0.0847 | AA6: 0.609 | AB6: 0.511 | AC6: 0.278 | AD6: 1.27 | AE6: 0.264 | AF6: 2.03 | AG6: 0.504 | AH6: 1.55 | AI6: 0.222 | AJ6: 1.54 | AK6: 0.229 | AL6: 0.323 | AM6: 0.0259 | AN6: 21.39 | AO6: <0.0051 | AP6: 0.066
A7: 013BCR2G | B7: 7.61 | C7: 2.89 | D7: 22549.58 | E7: 20741.1 | F7: 71778.97 | G7: 238369.95 | H7: 1266 | I7: 14150.35 | J7: 50900 | K7: 34.51 | L7: 13547.25 | M7: 401.47 | N7: 1453.95 | O7: 87000.51 | P7: 0.48 | Q7: 46.32 | R7: 336.82 | S7: 36.28 | T7: 183.53 | U7: 12.04 | V7: 1.18 | W7: 672.95 | X7: 23.96 | Y7: 51.39 | Z7: 6.45 | AA7: 28.41 | AB7: 6.08 | AC7: 1.91 | AD7: 6.75 | AE7: 1.008 | AF7: 6.58 | AG7: 1.36 | AH7: 3.72 | AI7: 0.535 | AJ7: 3.53 | AK7: 0.498 | AL7: 5 | AM7: 0.788 | AN7: 10.52 | AO7: 6.08 | AP7: 1.6
A8: 014BCR2G | B8: 7.41 | C8: 3.94 | D8: 22769.95 | E8: 20394.13 | F8: 70870.83 | G8: 243901.92 | H8: 1367.88 | I8: 14391.35 | J8: 50900 | K8: 35.09 | L8: 13583.31 | M8: 404.07 | N8: 1430.87 | O8: 87447.33 | P8: 0.53 | Q8: 46.08 | R8: 334.46 | S8: 35.84 | T8: 182.19 | U8: 12.5 | V8: 1.09 | W8: 660.47 | X8: 23.92 | Y8: 50.78 | Z8: 6.46 | AA8: 28.55 | AB8: 6.25 | AC8: 1.94 | AD8: 6.73 | AE8: 1.035 | AF8: 6.31 | AG8: 1.28 | AH8: 3.68 | AI8: 0.54 | AJ8: 3.52 | AK8: 0.539 | AL8: 4.9 | AM8: 0.835 | AN8: 11.08 | AO8: 6.19 | AP8: 1.72
A9: 024KL2 | B9: 5.07 | C9: 2.67 | D9: 18232.34 | E9: 45009.12 | F9: 73842.78 | G9: 243282.55 | H9: 1137.23 | I9: 3938.91 | J9: 77901.7 | K9: 31.33 | L9: 15301.9 | M9: 304.17 | N9: 1274.33 | O9: 88705.16 | P9: 0.19 | Q9: 8.58 | R9: 359 | S9: 26.11 | T9: 154.58 | U9: 14.98 | V9: 0.115 | W9: 131.64 | X9: 14.4 | Y9: 33.36 | Z9: 4.64 | AA9: 21.81 | AB9: 5.53 | AC9: 1.91 | AD9: 6.13 | AE9: 0.939 | AF9: 5.54 | AG9: 1.03 | AH9: 2.73 | AI9: 0.361 | AJ9: 2.14 | AK9: 0.305 | AL9: 4.51 | AM9: 1.05 | AN9: 2.17 | AO9: 1.09 | AP9: 0.513
A10: 025KL2 | B10: 4.99 | C10: 2.17 | D10: 16495.44 | E10: 43181.3 | F10: 70714.1 | G10: 235469.27 | H10: 1106.62 | I10: 3869.52 | J10: 77901.69 | K10: 31.8 | L10: 14851.05 | M10: 294.01 | N10: 1192.07 | O10: 76965.73 | P10: 0.197 | Q10: 8.36 | R10: 358.73 | S10: 26.21 | T10: 153.34 | U10: 14.44 | V10: 0.105 | W10: 118.46 | X10: 12.9 | Y10: 32.85 | Z10: 4.73 | AA10: 21.53 | AB10: 5.46 | AC10: 2 | AD10: 5.65 | AE10: 0.877 | AF10: 5.41 | AG10: 0.99 | AH10: 2.55 | AI10: 0.365 | AJ10: 2.1 | AK10: 0.264 | AL10: 3.89 | AM10: 0.94 | AN10: 1.97 | AO10: 1.03 | AP10: 0.515
A11: 042KL2 | B11: 4.48 | C11: 2.24 | D11: 16538.59 | E11: 41223.55 | F11: 67925.31 | G11: 230785.91 | H11: 963.73 | I11: 4043.26 | J11: 77901.69 | K11: 31.62 | L11: 14438.25 | M11: 281.27 | N11: 1156.76 | O11: 75409.52 | P11: 0.124 | Q11: 8.5 | R11: 341 | S11: 26.36 | T11: 155.92 | U11: 13.88 | V11: 0.127 | W11: 107.87 | X11: 11.96 | Y11: 29.97 | Z11: 4.4 | AA11: 21 | AB11: 5.39 | AC11: 1.72 | AD11: 5.81 | AE11: 0.842 | AF11: 5.2 | AG11: 0.9 | AH11: 2.23 | AI11: 0.315 | AJ11: 2.23 | AK11: 0.292 | AL11: 3.91 | AM11: 0.89 | AN11: 1.88 | AO11: 1.02 | AP11: 0.438
A12: 043GOR132 | B12: 8.93 | C12: 15 | D12: 6291.95 | E12: 139167.44 | F12: 56518.28 | G12: 210152.63 | H12: 125.28 | I12: 175.82 | J12: 60392.23 | K12: 33.48 | L12: 1809.47 | M12: 228.15 | N12: 1230.28 | O12: 81603.91 | P12: 0.145 | Q12: 2.04 | R12: 15.38 | S12: 12.05 | T12: 9.11 | U12: 0.044 | V12: 7.8 | W12: 0.811 | X12: 0.079 | Y12: 0.354 | Z12: 0.0848 | AA12: 0.563 | AB12: 0.481 | AC12: 0.254 | AD12: 1.11 | AE12: 0.231 | AF12: 2.13 | AG12: 0.446 | AH12: 1.42 | AI12: 0.226 | AJ12: 1.42 | AK12: 0.204 | AL12: 0.362 | AM12: 0.0202 | AN12: 21.97 | AO12: <0.0086 | AP12: 0.051
A13: 044KL2 | B13: 5.07 | C13: 2.28 | D13: 17274.14 | E13: 43054.39 | F13: 68768.38 | G13: 238980.2 | H13: 1008.25 | I13: 4070.78 | J13: 77901.68 | K13: 32.54 | L13: 15758.94 | M13: 313.24 | N13: 1277.02 | O13: 82468.35 | P13: 0.22 | Q13: 8.79 | R13: 347.28 | S13: 25.28 | T13: 146.94 | U13: 15.23 | V13: 0.132 | W13: 122.1 | X13: 13.01 | Y13: 31.82 | Z13: 4.59 | AA13: 21.38 | AB13: 5.44 | AC13: 1.95 | AD13: 6.02 | AE13: 0.87 | AF13: 5.06 | AG13: 1 | AH13: 2.53 | AI13: 0.32 | AJ13: 1.97 | AK13: 0.285 | AL13: 4.14 | AM13: 0.92 | AN13: 2.13 | AO13: 1.01 | AP13: 0.474
A14: 045KL2 | B14: 4.99 | C14: 2.47 | D14: 17742.6 | E14: 43981.13 | F14: 69712.15 | G14: 240256.08 | H14: 1042.94 | I14: 3973.53 | J14: 77901.69 | K14: 31.49 | L14: 15681.25 | M14: 310.46 | N14: 1267.86 | O14: 84367.95 | P14: 0.155 | Q14: 8.93 | R14: 352.89 | S14: 24.92 | T14: 148.61 | U14: 14.96 | V14: 0.126 | W14: 119.61 | X14: 12.62 | Y14: 32.14 | Z14: 4.44 | AA14: 20.11 | AB14: 5.31 | AC14: 1.91 | AD14: 5.7 | AE14: 0.864 | AF14: 5.03 | AG14: 0.9 | AH14: 2.55 | AI14: 0.34 | AJ14: 2.06 | AK14: 0.323 | AL14: 3.97 | AM14: 0.9 | AN14: 2.06 | AO14: 1.03 | AP14: 0.502
A15: 064KL2 | B15: 5.36 | C15: 2.69 | D15: 18456.32 | E15: 47137.7 | F15: 72412.02 | G15: 243090.78 | H15: 1039.77 | I15: 4065 | J15: 77901.69 | K15: 32.49 | L15: 15717.06 | M15: 323.55 | N15: 1378.75 | O15: 85458.8 | P15: 0.108 | Q15: 9.07 | R15: 354.72 | S15: 25.77 | T15: 152.74 | U15: 15.93 | V15: 0.118 | W15: 127.28 | X15: 13.73 | Y15: 33.71 | Z15: 4.59 | AA15: 22.88 | AB15: 5.57 | AC15: 1.98 | AD15: 5.73 | AE15: 0.93 | AF15: 5.27 | AG15: 1.06 | AH15: 2.65 | AI15: 0.388 | AJ15: 2.15 | AK15: 0.283 | AL15: 3.91 | AM15: 1.01 | AN15: 1.94 | AO15: 0.97 | AP15: 0.57
A16: 065KL2 | B16: 4.98 | C16: 2.34 | D16: 16459.33 | E16: 41467.13 | F16: 66350.84 | G16: 221212.44 | H16: 1014.12 | I16: 3966.92 | J16: 77901.69 | K16: 32.27 | L16: 15465.77 | M16: 305.41 | N16: 1261.65 | O16: 78220.01 | P16: 0.17 | Q16: 8.06 | R16: 336.72 | S16: 25.2 | T16: 151.9 | U16: 14.9 | V16: 0.126 | W16: 116.28 | X16: 12.11 | Y16: 30.23 | Z16: 4.5 | AA16: 21.77 | AB16: 5.66 | AC16: 1.79 | AD16: 5.68 | AE16: 0.85 | AF16: 5.3 | AG16: 0.95 | AH16: 2.35 | AI16: 0.295 | AJ16: 2.1 | AK16: 0.304 | AL16: 3.84 | AM16: 0.95 | AN16: 2.01 | AO16: 1.03 | AP16: 0.58
A17: 066KL2 | B17: 4.54 | C17: 2.38 | D17: 16297.88 | E17: 42843.3 | F17: 70661.76 | G17: 244224.97 | H17: 1003.72 | I17: 4069.83 | J17: 77901.69 | K17: 30.45 | L17: 14316.11 | M17: 280.62 | N17: 1159.78 | O17: 79249.73 | P17: 0.16 | Q17: 8.46 | R17: 357.21 | S17: 25.5 | T17: 155.97 | U17: 14.37 | V17: 0.103 | W17: 115.17 | X17: 12.3 | Y17: 32.25 | Z17: 4.75 | AA17: 22.75 | AB17: 5.37 | AC17: 1.79 | AD17: 5.45 | AE17: 0.9 | AF17: 5.11 | AG17: 0.91 | AH17: 2.3 | AI17: 0.323 | AJ17: 2.2 | AK17: 0.283 | AL17: 3.68 | AM17: 0.92 | AN17: 2.13 | AO17: 1.06 | AP17: 0.53
A18: 068GOR132 | B18: 9.08 | C18: 19.34 | D18: 6606.55 | E18: 145912.08 | F18: 58787.34 | G18: 204403.08 | H18: 109.8 | I18: 165.11 | J18: 60392.23 | K18: 36.73 | L18: 1783.36 | M18: 224.85 | N18: 1262.49 | O18: 83573.19 | P18: 0.19 | Q18: 2.18 | R18: 15.13 | S18: 13.46 | T18: 9.98 | U18: 0.045 | V18: 7.73 | W18: 0.72 | X18: 0.103 | Y18: 0.346 | Z18: 0.086 | AA18: 0.553 | AB18: 0.535 | AC18: 0.26 | AD18: 1.16 | AE18: 0.268 | AF18: 2.14 | AG18: 0.514 | AH18: 1.64 | AI18: 0.233 | AJ18: 1.48 | AK18: 0.242 | AL18: 0.387 | AM18: 0.0175 | AN18: 21.83 | AO18: <0.0094 | AP18: 0.057
A19: 081KL2 | B19: 5.09 | C19: 3.13 | D19: 16812.69 | E19: 43846.64 | F19: 68025.53 | G19: 237209.92 | H19: 977.62 | I19: 4045.55 | J19: 77901.69 | K19: 32.55 | L19: 15526.99 | M19: 314.21 | N19: 1283.19 | O19: 83340.62 | P19: 0.16 | Q19: 8.73 | R19: 351.57 | S19: 24.99 | T19: 148.12 | U19: 14.77 | V19: 0.084 | W19: 120.24 | X19: 12.75 | Y19: 32.01 | Z19: 4.6 | AA19: 21.52 | AB19: 5.12 | AC19: 1.97 | AD19: 5.85 | AE19: 0.84 | AF19: 5.1 | AG19: 0.91 | AH19: 2.36 | AI19: 0.342 | AJ19: 2 | AK19: 0.252 | AL19: 3.71 | AM19: 0.88 | AN19: 2.04 | AO19: 0.98 | AP19: 0.55
A20: 082KL2 | B20: 5.49 | C20: 3.53 | D20: 18660.55 | E20: 46127.8 | F20: 72836.21 | G20: 237350.97 | H20: 959.57 | I20: 3855.19 | J20: 77901.69 | K20: 32.12 | L20: 15658.33 | M20: 320.51 | N20: 1318.09 | O20: 86902.23 | P20: 0.24 | Q20: 9.03 | R20: 371.1 | S20: 25.1 | T20: 154.41 | U20: 15.3 | V20: 0.106 | W20: 135.31 | X20: 14.25 | Y20: 33.57 | Z20: 4.57 | AA20: 21.58 | AB20: 5.77 | AC20: 2.09 | AD20: 6.29 | AE20: 0.9 | AF20: 5.09 | AG20: 0.99 | AH20: 2.69 | AI20: 0.32 | AJ20: 2.14 | AK20: 0.301 | AL20: 4.25 | AM20: 1.04 | AN20: 2.17 | AO20: 0.99 | AP20: 0.6
A21: 004KL2 | B21: 5.21 | C21: 10.95 | D21: 17091.78 | E21: 43329.79 | F21: 68000.88 | G21: 227196.58 | H21: 977.73 | I21: 4196.2 | J21: 77901.7 | K21: 31.16 | L21: 15566.6 | M21: 312.43 | N21: 1303.11 | O21: 81991.84 | P21: 0.165 | Q21: 8.56 | R21: 351.98 | S21: 24.42 | T21: 158.89 | U21: 15.42 | V21: 0.122 | W21: 122.36 | X21: 12.99 | Y21: 33.23 | Z21: 4.41 | AA21: 21.36 | AB21: 5.49 | AC21: 1.88 | AD21: 5.94 | AE21: 0.844 | AF21: 5.15 | AG21: 0.94 | AH21: 2.41 | AI21: 0.288 | AJ21: 2.1 | AK21: 0.261 | AL21: 3.72 | AM21: 0.934 | AN21: 2.06 | AO21: 0.913 | AP21: 0.636
A22: 006KL2 | B22: 5.23 | C22: 2.07 | D22: 18130.38 | E22: 46158.29 | F22: 72111.45 | G22: 241409.72 | H22: 956.5 | I22: 4085.24 | J22: 77901.7 | K22: 31.86 | L22: 15292.14 | M22: 314.17 | N22: 1316.63 | O22: 85107.55 | P22: 0.199 | Q22: 9.14 | R22: 362.8 | S22: 25.12 | T22: 149.61 | U22: 15.33 | V22: 0.11 | W22: 123.64 | X22: 12.47 | Y22: 32.16 | Z22: 4.63 | AA22: 21.58 | AB22: 5.58 | AC22: 1.95 | AD22: 6.14 | AE22: 0.907 | AF22: 4.97 | AG22: 0.859 | AH22: 2.57 | AI22: 0.341 | AJ22: 2.04 | AK22: 0.295 | AL22: 3.87 | AM22: 0.97 | AN22: 2.11 | AO22: 1.05 | AP22: 0.575
A23: 011GOR128 | B23: 10.12 | C23: 14.42 | D23: 4600.63 | E23: 147788.48 | F23: 50541.61 | G23: 213893.53 | H23: 86.35 | I23: 246.9 | J23: 44597.34 | K23: 30.37 | L23: 1671.98 | M23: 183.08 | N23: 1441.6 | O23: 84292.74 | P23: 0.126 | Q23: 0.338 | R23: 29.01 | S23: 11.38 | T23: 9.33 | U23: 0.115 | V23: 0.208 | W23: 0.956 | X23: 0.104 | Y23: 0.402 | Z23: 0.094 | AA23: 0.659 | AB23: 0.444 | AC23: 0.279 | AD23: 1.34 | AE23: 0.224 | AF23: 1.86 | AG23: 0.407 | AH23: 1.38 | AI23: 0.198 | AJ23: 1.21 | AK23: 0.181 | AL23: 0.345 | AM23: 0.0178 | AN23: 0.308 | AO23: <0.0152 | AP23: 0.0109
A24: 012GOR128 | B24: 11.13 | C24: 16.56 | D24: 5316.96 | E24: 203682.8 | F24: 54948.23 | G24: 247541.09 | H24: 94.16 | I24: 243.42 | J24: 44597.34 | K24: 32.09 | L24: 1751.93 | M24: 197.64 | N24: 1506.44 | O24: 85512.35 | P24: 0.212 | Q24: 0.48 | R24: 31.9 | S24: 11.45 | T24: 9.79 | U24: 0.112 | V24: 0.241 | W24: 1.2 | X24: 0.106 | Y24: 0.439 | Z24: 0.082 | AA24: 0.696 | AB24: 0.509 | AC24: 0.245 | AD24: 1.11 | AE24: 0.243 | AF24: 1.9 | AG24: 0.431 | AH24: 1.33 | AI24: 0.188 | AJ24: 1.38 | AK24: 0.202 | AL24: 0.359 | AM24: 0.0176 | AN24: 0.307 | AO24: <0.0108 | AP24: <0.0073
A26: 026KL2 | B26: 5.01 | C26: 2.4 | D26: 18086.45 | E26: 44651.37 | F26: 72615.41 | G26: 229585.39 | H26: 1066.42 | I26: 3712.55 | J26: 77901.7 | K26: 32.87 | L26: 15784.55 | M26: 322.67 | N26: 1334.53 | O26: 87010.06 | P26: 0.194 | Q26: 8.7 | R26: 368.16 | S26: 26.9 | T26: 155.58 | U26: 15.11 | V26: 0.13 | W26: 128.28 | X26: 14.03 | Y26: 33.15 | Z26: 4.76 | AA26: 22.94 | AB26: 5.83 | AC26: 2.08 | AD26: 6.34 | AE26: 0.95 | AF26: 5.61 | AG26: 1.07 | AH26: 2.66 | AI26: 0.333 | AJ26: 2.27 | AK26: 0.297 | AL26: 4.33 | AM26: 1.05 | AN26: 2.05 | AO26: 1.13 | AP26: 0.571
A27: 028BCR2G | B27: 7.73 | C27: 3.59 | D27: 23688.53 | E27: 21307.9 | F27: 72180.73 | G27: 249400.41 | H27: 1345.38 | I27: 14725.34 | J27: 50900 | K27: 34.05 | L27: 13594.67 | M27: 417.59 | N27: 1529.86 | O27: 93053.38 | P27: 0.52 | Q27: 47.08 | R27: 332.07 | S27: 34.99 | T27: 181.6 | U27: 12.72 | V27: 1.18 | W27: 666.44 | X27: 24.39 | Y27: 50.39 | Z27: 6.35 | AA27: 27.53 | AB27: 5.77 | AC27: 1.94 | AD27: 6.35 | AE27: 1.005 | AF27: 6.22 | AG27: 1.29 | AH27: 3.79 | AI27: 0.516 | AJ27: 3.68 | AK27: 0.503 | AL27: 4.96 | AM27: 0.811 | AN27: 11.14 | AO27: 6.13 | AP27: 1.75
A29: 046KL2 | B29: 5.13 | C29: 2.9 | D29: 17731.5 | E29: 44485.9 | F29: 68889.89 | G29: 237803.67 | H29: 1026.99 | I29: 4027.16 | J29: 77901.69 | K29: 31.07 | L29: 15243.38 | M29: 309.66 | N29: 1275.52 | O29: 85911.7 | P29: 0.165 | Q29: 8.64 | R29: 350.88 | S29: 24.52 | T29: 148.25 | U29: 14.96 | V29: 0.102 | W29: 120.9 | X29: 12.85 | Y29: 31.96 | Z29: 4.43 | AA29: 20.59 | AB29: 5.16 | AC29: 1.86 | AD29: 6.07 | AE29: 0.854 | AF29: 4.77 | AG29: 0.93 | AH29: 2.53 | AI29: 0.315 | AJ29: 2.07 | AK29: 0.256 | AL29: 3.59 | AM29: 0.92 | AN29: 2.09 | AO29: 1 | AP29: 0.514
A30: 047GOR128 | B30: 9.24 | C30: 17.88 | D30: 4404.9 | E30: 141464.02 | F30: 52126.84 | G30: 197711.66 | H30: 80.03 | I30: 206.4 | J30: 44597.33 | K30: 29.57 | L30: 1726.76 | M30: 186.72 | N30: 1363.61 | O30: 76592.48 | P30: <0.076 | Q30: 0.364 | R30: 29.94 | S30: 11 | T30: 8.98 | U30: 0.097 | V30: 0.194 | W30: 1.02 | X30: 0.113 | Y30: 0.453 | Z30: 0.0767 | AA30: 0.724 | AB30: 0.505 | AC30: 0.271 | AD30: 1.09 | AE30: 0.234 | AF30: 1.82 | AG30: 0.401 | AH30: 1.32 | AI30: 0.156 | AJ30: 1.18 | AK30: 0.167 | AL30: 0.344 | AM30: 0.0166 | AN30: 0.31 | AO30: <0.0067 | AP30: 0.0095
A32: 067KL2 | B32: 4.63 | C32: 2.33 | D32: 15818.21 | E32: 41401.93 | F32: 66749.8 | G32: 226600.16 | H32: 923.15 | I32: 3958.82 | J32: 77901.69 | K32: 31.02 | L32: 14623.09 | M32: 290.86 | N32: 1183.62 | O32: 79138.84 | P32: 0.15 | Q32: 8.19 | R32: 353.12 | S32: 25.86 | T32: 153.05 | U32: 14.34 | V32: 0.13 | W32: 114.44 | X32: 12.83 | Y32: 30.74 | Z32: 4.56 | AA32: 20.61 | AB32: 5.36 | AC32: 1.78 | AD32: 5.37 | AE32: 0.89 | AF32: 4.94 | AG32: 0.93 | AH32: 2.29 | AI32: 0.335 | AJ32: 1.91 | AK32: 0.27 | AL32: 3.8 | AM32: 0.85 | AN32: 2 | AO32: 1.03 | AP32: 0.52
A33: 069GOR128 | B33: 9.64 | C33: 23.5 | D33: 4570.77 | E33: 172213.22 | F33: 55151.23 | G33: 212924.61 | H33: 75.83 | I33: 207.78 | J33: 44597.33 | K33: 32.63 | L33: 1718.38 | M33: 187.1 | N33: 1413.19 | O33: 77758.51 | P33: 0.096 | Q33: 0.42 | R33: 30.22 | S33: 11.94 | T33: 9.86 | U33: 0.078 | V33: 0.2 | W33: 1.07 | X33: 0.116 | Y33: 0.459 | Z33: 0.097 | AA33: 0.77 | AB33: 0.55 | AC33: 0.262 | AD33: 1.22 | AE33: 0.235 | AF33: 1.92 | AG33: 0.472 | AH33: 1.39 | AI33: 0.224 | AJ33: 1.38 | AK33: 0.235 | AL33: 0.429 | AM33: 0.017 | AN33: 0.3 | AO33: 0.0123 | AP33: <0.0083
A34: 070BCR2G | B34: 21.43 | C34: 18.36 | D34: 35441.45 | E34: 31575.06 | F34: 127426.41 | G34: 350929.59 | H34: 3219.99 | I34: 52128.09 | J34: 71470.09 | K34: 34.26 | L34: 7467.19 | M34: 267.99 | N34: 2042.17 | O34: 92144.83 | P34: 0.76 | Q34: 203.2 | R34: 1889.72 | S34: 33.76 | T34: 332.32 | U34: 41.39 | V34: 4.1 | W34: 1382.04 | X34: 62.7 | Y34: 125.86 | Z34: 14.44 | AA34: 56.48 | AB34: 9.75 | AC34: 2.58 | AD34: 8.49 | AE34: 1.11 | AF34: 6.49 | AG34: 1.28 | AH34: 3.56 | AI34: 0.54 | AJ34: 3.81 | AK34: 0.58 | AL34: 8.45 | AM34: 2.21 | AN34: 25.64 | AO34: 21.51 | AP34: 6.18
A36: 083KL2 | B36: 5.32 | C36: 3.69 | D36: 18344.55 | E36: 47033.02 | F36: 74728.29 | G36: 234139.11 | H36: 987.47 | I36: 4088.98 | J36: 77901.7 | K36: 31 | L36: 15255.21 | M36: 314.08 | N36: 1325.92 | O36: 86456.66 | P36: 0.14 | Q36: 9.19 | R36: 374.86 | S36: 25.76 | T36: 153.81 | U36: 15.07 | V36: 0.14 | W36: 128.81 | X36: 13.81 | Y36: 33.85 | Z36: 4.71 | AA36: 21.04 | AB36: 5.95 | AC36: 1.91 | AD36: 6.31 | AE36: 0.96 | AF36: 5.54 | AG36: 0.94 | AH36: 2.84 | AI36: 0.346 | AJ36: 2.09 | AK36: 0.278 | AL36: 3.95 | AM36: 1 | AN36: 2.11 | AO36: 1.03 | AP36: 0.56

Sheet Calibration
B1: Element | C1: Li7 | D1: B11 | E1: Na23 | F1: Mg24 | G1: Al27 | H1: Si29 | I1: P31 | J1: K39 | K1: Ca43 | L1: Sc45 | M1: Ti47 | N1: V51 | O1: Mn55 | P1: Fe57 | Q1: As75 | R1: Rb85 | S1: Sr88 | T1: Y89 | U1: Zr90 | V1: Nb93 | W1: Cs133 | X1: Ba138 | Y1: La139 | Z1: Ce140 | AA1: Pr141 | AB1: Nd146 | AC1: Sm147 | AD1: Eu151 | AE1: Gd157 | AF1: Tb159 | AG1: Dy163 | AH1: Ho165 | AI1: Er166 | AJ1: Tm169 | AK1: Yb172 | AL1: Lu175 | AM1: Hf178 | AN1: Ta181 | AO1: Pb208 | AP1: Th232 | AQ1: U238
B2: KL2-G | C2: 5.1 | D2: 2.73 | E2: 17433.808 | F2: 44263.274 | G2: 70391.738 | H2: 235125.12 | I2: 1012.5146 | J2: 3984.7211 | K2: 77901.849 | L2: 31.8 | M2: 15343.332 | N2: 309 | O2: 1277.862 | P2: 83172.081 | Q2: 0.17 | R2: 8.7 | S2: 356 | T2: 25.4 | U2: 152 | V2: 15 | W2: 0.115 | X2: 123 | Y2: 13.1 | Z2: 32.4 | AA2: 4.6 | AB2: 21.6 | AC2: 5.54 | AD2: 1.92 | AE2: 5.92 | AF2: 0.89 | AG2: 5.22 | AH2: 0.961 | AI2: 2.54 | AJ2: 0.331 | AK2: 2.1 | AL2: 0.285 | AM2: 3.93 | AN2: 0.961 | AO2: 2.07 | AP2: 1.02 | AQ2: 0.548
A4: 2 | B4: 005KL2 | C4: 5.22 | D4: 2.48 | E4: 17245.47 | F4: 44940.31 | G4: 69620.05 | H4: 233055.86 | I4: 919.53 | J4: 4019.08 | K4: 77901.7 | L4: 31.98 | M4: 15304.21 | N4: 310.73 | O4: 1286.29 | P4: 82919.68 | Q4: 0.107 | R4: 8.89 | S4: 353.77 | T4: 24.97 | U4: 147.91 | V4: 14.71 | W4: 0.11 | X4: 123.03 | Y4: 13.2 | Z4: 31.48 | AA4: 4.63 | AB4: 21.51 | AC4: 5.69 | AD4: 1.83 | AE4: 5.69 | AF4: 0.889 | AG4: 5.19 | AH4: 0.96 | AI4: 2.49 | AJ4: 0.33 | AK4: 2.08 | AL4: 0.288 | AM4: 3.69 | AN4: 0.936 | AO4: 2.08 | AP4: 0.977 | AQ4: 0.558
A5: 21 | B5: 024KL2 | C5: 5.07 | D5: 2.67 | E5: 18232.34 | F5: 45009.12 | G5: 73842.78 | H5: 243282.55 | I5: 1137.23 | J5: 3938.91 | K5: 77901.7 | L5: 31.33 | M5: 15301.9 | N5: 304.17 | O5: 1274.33 | P5: 88705.16 | Q5: 0.19 | R5: 8.58 | S5: 359 | T5: 26.11 | U5: 154.58 | V5: 14.98 | W5: 0.115 | X5: 131.64 | Y5: 14.4 | Z5: 33.36 | AA5: 4.64 | AB5: 21.81 | AC5: 5.53 | AD5: 1.91 | AE5: 6.13 | AF5: 0.939 | AG5: 5.54 | AH5: 1.03 | AI5: 2.73 | AJ5: 0.361 | AK5: 2.14 | AL5: 0.305 | AM5: 4.51 | AN5: 1.05 | AO5: 2.17 | AP5: 1.09 | AQ5: 0.513
A6: 22 | B6: 025KL2 | C6: 4.99 | D6: 2.17 | E6: 16495.44 | F6: 43181.3 | G6: 70714.1 | H6: 235469.27 | I6: 1106.62 | J6: 3869.52 | K6: 77901.69 | L6: 31.8 | M6: 14851.05 | N6: 294.01 | O6: 1192.07 | P6: 76965.73 | Q6: 0.197 | R6: 8.36 | S6: 358.73 | T6: 26.21 | U6: 153.34 | V6: 14.44 | W6: 0.105 | X6: 118.46 | Y6: 12.9 | Z6: 32.85 | AA6: 4.73 | AB6: 21.53 | AC6: 5.46 | AD6: 2 | AE6: 5.65 | AF6: 0.877 | AG6: 5.41 | AH6: 0.99 | AI6: 2.55 | AJ6: 0.365 | AK6: 2.1 | AL6: 0.264 | AM6: 3.89 | AN6: 0.94 | AO6: 1.97 | AP6: 1.03 | AQ6: 0.515
A7: 37 | B7: 042KL2 | C7: 4.48 | D7: 2.24 | E7: 16538.59 | F7: 41223.55 | G7: 67925.31 | H7: 230785.91 | I7: 963.73 | J7: 4043.26 | K7: 77901.69 | L7: 31.62 | M7: 14438.25 | N7: 281.27 | O7: 1156.76 | P7: 75409.52 | Q7: 0.124 | R7: 8.5 | S7: 341 | T7: 26.36 | U7: 155.92 | V7: 13.88 | W7: 0.127 | X7: 107.87 | Y7: 11.96 | Z7: 29.97 | AA7: 4.4 | AB7: 21 | AC7: 5.39 | AD7: 1.72 | AE7: 5.81 | AF7: 0.842 | AG7: 5.2 | AH7: 0.9 | AI7: 2.23 | AJ7: 0.315 | AK7: 2.23 | AL7: 0.292 | AM7: 3.91 | AN7: 0.89 | AO7: 1.88 | AP7: 1.02 | AQ7: 0.438
A8: 39 | B8: 044KL2 | C8: 5.07 | D8: 2.28 | E8: 17274.14 | F8: 43054.39 | G8: 68768.38 | H8: 238980.2 | I8: 1008.25 | J8: 4070.78 | K8: 77901.68 | L8: 32.54 | M8: 15758.94 | N8: 313.24 | O8: 1277.02 | P8: 82468.35 | Q8: 0.22 | R8: 8.79 | S8: 347.28 | T8: 25.28 | U8: 146.94 | V8: 15.23 | W8: 0.132 | X8: 122.1 | Y8: 13.01 | Z8: 31.82 | AA8: 4.59 | AB8: 21.38 | AC8: 5.44 | AD8: 1.95 | AE8: 6.02 | AF8: 0.87 | AG8: 5.06 | AH8: 1 | AI8: 2.53 | AJ8: 0.32 | AK8: 1.97 | AL8: 0.285 | AM8: 4.14 | AN8: 0.92 | AO8: 2.13 | AP8: 1.01 | AQ8: 0.474
A9: 40 | B9: 045KL2 | C9: 4.99 | D9: 2.47 | E9: 17742.6 | F9: 43981.13 | G9: 69712.15 | H9: 240256.08 | I9: 1042.94 | J9: 3973.53 | K9: 77901.69 | L9: 31.49 | M9: 15681.25 | N9: 310.46 | O9: 1267.86 | P9: 84367.95 | Q9: 0.155 | R9: 8.93 | S9: 352.89 | T9: 24.92 | U9: 148.61 | V9: 14.96 | W9: 0.126 | X9: 119.61 | Y9: 12.62 | Z9: 32.14 | AA9: 4.44 | AB9: 20.11 | AC9: 5.31 | AD9: 1.91 | AE9: 5.7 | AF9: 0.864 | AG9: 5.03 | AH9: 0.9 | AI9: 2.55 | AJ9: 0.34 | AK9: 2.06 | AL9: 0.323 | AM9: 3.97 | AN9: 0.9 | AO9: 2.06 | AP9: 1.03 | AQ9: 0.502
A10: 59 | B10: 064KL2 | C10: 5.36 | D10: 2.69 | E10: 18456.32 | F10: 47137.7 | G10: 72412.02 | H10: 243090.78 | I10: 1039.77 | J10: 4065 | K10: 77901.69 | L10: 32.49 | M10: 15717.06 | N10: 323.55 | O10: 1378.75 | P10: 85458.8 | Q10: 0.108 | R10: 9.07 | S10: 354.72 | T10: 25.77 | U10: 152.74 | V10: 15.93 | W10: 0.118 | X10: 127.28 | Y10: 13.73 | Z10: 33.71 | AA10: 4.59 | AB10: 22.88 | AC10: 5.57 | AD10: 1.98 | AE10: 5.73 | AF10: 0.93 | AG10: 5.27 | AH10: 1.06 | AI10: 2.65 | AJ10: 0.388 | AK10: 2.15 | AL10: 0.283 | AM10: 3.91 | AN10: 1.01 | AO10: 1.94 | AP10: 0.97 | AQ10: 0.57
A11: 60 | B11: 065KL2 | C11: 4.98 | D11: 2.34 | E11: 16459.33 | F11: 41467.13 | G11: 66350.84 | H11: 221212.44 | I11: 1014.12 | J11: 3966.92 | K11: 77901.69 | L11: 32.27 | M11: 15465.77 | N11: 305.41 | O11: 1261.65 | P11: 78220.01 | Q11: 0.17 | R11: 8.06 | S11: 336.72 | T11: 25.2 | U11: 151.9 | V11: 14.9 | W11: 0.126 | X11: 116.28 | Y11: 12.11 | Z11: 30.23 | AA11: 4.5 | AB11: 21.77 | AC11: 5.66 | AD11: 1.79 | AE11: 5.68 | AF11: 0.85 | AG11: 5.3 | AH11: 0.95 | AI11: 2.35 | AJ11: 0.295 | AK11: 2.1 | AL11: 0.304 | AM11: 3.84 | AN11: 0.95 | AO11: 2.01 | AP11: 1.03 | AQ11: 0.58
A12: 61 | B12: 066KL2 | C12: 4.54 | D12: 2.38 | E12: 16297.88 | F12: 42843.3 | G12: 70661.76 | H12: 244224.97 | I12: 1003.72 | J12: 4069.83 | K12: 77901.69 | L12: 30.45 | M12: 14316.11 | N12: 280.62 | O12: 1159.78 | P12: 79249.73 | Q12: 0.16 | R12: 8.46 | S12: 357.21 | T12: 25.5 | U12: 155.97 | V12: 14.37 | W12: 0.103 | X12: 115.17 | Y12: 12.3 | Z12: 32.25 | AA12: 4.75 | AB12: 22.75 | AC12: 5.37 | AD12: 1.79 | AE12: 5.45 | AF12: 0.9 | AG12: 5.11 | AH12: 0.91 | AI12: 2.3 | AJ12: 0.323 | AK12: 2.2 | AL12: 0.283 | AM12: 3.68 | AN12: 0.92 | AO12: 2.13 | AP12: 1.06 | AQ12: 0.53
A13: 76 | B13: 081KL2 | C13: 5.09 | D13: 3.13 | E13: 16812.69 | F13: 43846.64 | G13: 68025.53 | H13: 237209.92 | I13: 977.62 | J13: 4045.55 | K13: 77901.69 | L13: 32.55 | M13: 15526.99 | N13: 314.21 | O13: 1283.19 | P13: 83340.62 | Q13: 0.16 | R13: 8.73 | S13: 351.57 | T13: 24.99 | U13: 148.12 | V13: 14.77 | W13: 0.084 | X13: 120.24 | Y13: 12.75 | Z13: 32.01 | AA13: 4.6 | AB13: 21.52 | AC13: 5.12 | AD13: 1.97 | AE13: 5.85 | AF13: 0.84 | AG13: 5.1 | AH13: 0.91 | AI13: 2.36 | AJ13: 0.342 | AK13: 2 | AL13: 0.252 | AM13: 3.71 | AN13: 0.88 | AO13: 2.04 | AP13: 0.98 | AQ13: 0.55
A14: 77 | B14: 082KL2 | C14: 5.49 | D14: 3.53 | E14: 18660.55 | F14: 46127.8 | G14: 72836.21 | H14: 237350.97 | I14: 959.57 | J14: 3855.19 | K14: 77901.69 | L14: 32.12 | M14: 15658.33 | N14: 320.51 | O14: 1318.09 | P14: 86902.23 | Q14: 0.24 | R14: 9.03 | S14: 371.1 | T14: 25.1 | U14: 154.41 | V14: 15.3 | W14: 0.106 | X14: 135.31 | Y14: 14.25 | Z14: 33.57 | AA14: 4.57 | AB14: 21.58 | AC14: 5.77 | AD14: 2.09 | AE14: 6.29 | AF14: 0.9 | AG14: 5.09 | AH14: 0.99 | AI14: 2.69 | AJ14: 0.32 | AK14: 2.14 | AL14: 0.301 | AM14: 4.25 | AN14: 1.04 | AO14: 2.17 | AP14: 0.99 | AQ14: 0.6
B16: Average | C16: =AVERAGE(C4:C14) -> 5.0254545 | D16: =AVERAGE(D4:D14) -> 2.58 | E16: =AVERAGE(E4:E14) -> 17292.305 | F16: =AVERAGE(F4:F14) -> 43892.034 | G16: =AVERAGE(G4:G14) -> 70079.012 | H16: =AVERAGE(H4:H14) -> 236810.81 | I16: =AVERAGE(I4:I14) -> 1015.7364 | J16: =AVERAGE(J4:J14) -> 3992.5064 | ... AQ16: =AVERAGE(AQ4:AQ14) -> 0.53
B17: StdDev | C17: =STDEV(C4:C14) -> 0.30190607 | D17: =STDEV(D4:D14) -> 0.41456001 | E17: =STDEV(E4:E14) -> 862.08 | F17: =STDEV(F4:F14) -> 1822.0143 | G17: =STDEV(G4:G14) -> 2297.2032 | H17: =STDEV(H4:H14) -> 6699.4504 | I17: =STDEV(I4:I14) -> 64.116369 | J17: =STDEV(J4:J14) -> 78.310609 | ... AQ17: =STDEV(AQ4:AQ14) -> 0.04804373
B18: StdDev % | C18: =C17/C16 -> 0.060075375 | D18: =D17/D16 -> 0.16068217 | E18: =E17/E16 -> 0.04985339 | F18: =F17/F16 -> 0.041511274 | G18: =G17/G16 -> 0.032780188 | H18: =H17/H16 -> 0.028290306 | I18: =I17/I16 -> 0.063123042 | J18: =J17/J16 -> 0.019614398 | ... AQ18: =AQ17/AQ16 -> 0.090648547
B19: 2RSD | C19: =(2*C17)/C16 -> 0.12015075 | D19: =(2*D17)/D16 -> 0.32136435 | E19: =(2*E17)/E16 -> 0.09970678 | F19: =(2*F17)/F16 -> 0.083022549 | G19: =(2*G17)/G16 -> 0.065560377 | H19: =(2*H17)/H16 -> 0.056580612 | I19: =(2*I17)/I16 -> 0.12624608 | J19: =(2*J17)/J16 -> 0.039228796 | ... AQ19: =(2*AQ17)/AQ16 -> 0.18129709
A22: 2 | B22: 005KL2 | C22: =C4/C$2 -> 1.0235294 | D22: =D4/D$2 -> 0.90842491 | E22: =E4/E$2 -> 0.98919695 | F22: =F4/F$2 -> 1.0152957 | G22: =G4/G$2 -> 0.98903724 | H22: =H4/H$2 -> 0.9911993 | I22: =I4/I$2 -> 0.90816468 | J22: =J4/J$2 -> 1.0086227 | ... AQ22: =AQ4/AQ$2 -> 1.0182482
A23: 21 | B23: 024KL2 | C23: =C5/C$2 -> 0.99411765 | D23: =D5/D$2 -> 0.97802198 | E23: =E5/E$2 -> 1.0458036 | F23: =F5/F$2 -> 1.0168502 | G23: =G5/G$2 -> 1.0490262 | H23: =H5/H$2 -> 1.034694 | I23: =I5/I$2 -> 1.1231739 | J23: =J5/J$2 -> 0.98850332 | ... AQ23: =AQ5/AQ$2 -> 0.93613139
A24: 22 | B24: 025KL2 | C24: =C6/C$2 -> 0.97843137 | D24: =D6/D$2 -> 0.79487179 | E24: =E6/E$2 -> 0.94617537 | F24: =F6/F$2 -> 0.97555594 | G24: =G6/G$2 -> 1.0045795 | H24: =H6/H$2 -> 1.0014637 | I24: =I6/I$2 -> 1.0929423 | J24: =J6/J$2 -> 0.9710893 | ... AQ24: =AQ6/AQ$2 -> 0.93978102
A25: 37 | B25: 042KL2 | C25: =C7/C$2 -> 0.87843137 | D25: =D7/D$2 -> 0.82051282 | E25: =E7/E$2 -> 0.94865045 | F25: =F7/F$2 -> 0.93132627 | G25: =G7/G$2 -> 0.9649614 | H25: =H7/H$2 -> 0.98154508 | I25: =I7/I$2 -> 0.95181837 | J25: =J7/J$2 -> 1.0146909 | ... AQ25: =AQ7/AQ$2 -> 0.79927007
A26: 39 | B26: 044KL2 | C26: =C8/C$2 -> 0.99411765 | D26: =D8/D$2 -> 0.83516484 | E26: =E8/E$2 -> 0.99084146 | F26: =F8/F$2 -> 0.97268878 | G26: =G8/G$2 -> 0.97693823 | H26: =H8/H$2 -> 1.0163958 | I26: =I8/I$2 -> 0.99578811 | J26: =J8/J$2 -> 1.0215972 | ... AQ26: =AQ8/AQ$2 -> 0.8649635
A27: 40 | B27: 045KL2 | C27: =C9/C$2 -> 0.97843137 | D27: =D9/D$2 -> 0.9047619 | E27: =E9/E$2 -> 1.0177122 | F27: =F9/F$2 -> 0.99362577 | G27: =G9/G$2 -> 0.99034563 | H27: =H9/H$2 -> 1.0218222 | I27: =I9/I$2 -> 1.0300493 | J27: =J9/J$2 -> 0.99719151 | ... AQ27: =AQ9/AQ$2 -> 0.91605839
A28: 59 | B28: 064KL2 | C28: =C10/C$2 -> 1.0509804 | D28: =D10/D$2 -> 0.98534799 | E28: =E10/E$2 -> 1.0586511 | F28: =F10/F$2 -> 1.0649393 | G28: =G10/G$2 -> 1.0287006 | H28: =H10/H$2 -> 1.0338784 | I28: =I10/I$2 -> 1.0269185 | J28: =J10/J$2 -> 1.0201467 | ... AQ28: =AQ10/AQ$2 -> 1.040146
A29: 60 | B29: 065KL2 | C29: =C11/C$2 -> 0.97647059 | D29: =D11/D$2 -> 0.85714286 | E29: =E11/E$2 -> 0.94410411 | F29: =F11/F$2 -> 0.93682925 | G29: =G11/G$2 -> 0.94259414 | H29: =H11/H$2 -> 0.94082859 | I29: =I11/I$2 -> 1.0015856 | J29: =J11/J$2 -> 0.99553267 | ... AQ29: =AQ11/AQ$2 -> 1.0583942
A30: 61 | B30: 066KL2 | C30: =C12/C$2 -> 0.89019608 | D30: =D12/D$2 -> 0.87179487 | E30: =E12/E$2 -> 0.93484337 | F30: =F12/F$2 -> 0.96791981 | G30: =G12/G$2 -> 1.003836 | H30: =H12/H$2 -> 1.0387021 | I30: =I12/I$2 -> 0.9913141 | J30: =J12/J$2 -> 1.0213588 | ... AQ30: =AQ12/AQ$2 -> 0.96715328
A31: 76 | B31: 081KL2 | C31: =C13/C$2 -> 0.99803922 | D31: =D13/D$2 -> 1.1465201 | E31: =E13/E$2 -> 0.96437277 | F31: =F13/F$2 -> 0.99058736 | G31: =G13/G$2 -> 0.96638515 | H31: =H13/H$2 -> 1.0088667 | I31: =I13/I$2 -> 0.96553669 | J31: =J13/J$2 -> 1.0152655 | ... AQ31: =AQ13/AQ$2 -> 1.0036496
A32: 77 | B32: 082KL2 | C32: =C14/C$2 -> 1.0764706 | D32: =D14/D$2 -> 1.2930403 | E32: =E14/E$2 -> 1.0703657 | F32: =F14/F$2 -> 1.0421235 | G32: =G14/G$2 -> 1.0347267 | H32: =H14/H$2 -> 1.0094666 | I32: =I14/I$2 -> 0.94770979 | J32: =J14/J$2 -> 0.96749307 | ... AQ32: =AQ14/AQ$2 -> 1.0948905
B34: Slope | C34: =SLOPE(C22:C32,$A$22:$A$32) -> 0.00029903901 | D34: =SLOPE(D22:D32,$A$22:$A$32) -> 0.0037536652 | E34: =SLOPE(E22:E32,$A$22:$A$32) -> 0.00018458897 | F34: =SLOPE(F22:F32,$A$22:$A$32) -> 0.00012912651 | G34: =SLOPE(G22:G32,$A$22:$A$32) -> -0.00011788418 | H34: =SLOPE(H22:H32,$A$22:$A$32) -> 4.2361675e-05 | I34: =SLOPE(I22:I32,$A$22:$A$32) -> -0.00058549071 | J34: =SLOPE(J22:J32,$A$22:$A$32) -> 5.7268354e-05 | ... AQ34: =SLOPE(AQ22:AQ32,$A$22:$A$32) -> 0.0015673781
B35: Intercept | C35: =INTERCEPT(C22:C32,$A$22:$A$32) -> 0.97195367 | D35: =INTERCEPT(D22:D32,$A$22:$A$32) -> 0.77648125 | E35: =INTERCEPT(E22:E32,$A$22:$A$32) -> 0.98359365 | F35: =INTERCEPT(F22:F32,$A$22:$A$32) -> 0.98581395 | G35: =INTERCEPT(G22:G32,$A$22:$A$32) -> 1.0008514 | H35: =INTERCEPT(H22:H32,$A$22:$A$32) -> 1.0052669 | I35: =INTERCEPT(I22:I32,$A$22:$A$32) -> 1.0294758 | J35: =INTERCEPT(J22:J32,$A$22:$A$32) -> 0.99938192 | ... AQ35: =INTERCEPT(AQ22:AQ32,$A$22:$A$32) -> 0.89676376

Sheet Corrected data
B1: Element | C1: Li7 | D1: B11 | E1: Na23 | F1: Mg24 | G1: Al27 | H1: Si29 | I1: P31 | J1: K39 | K1: Ca43 | L1: Sc45 | M1: Ti47 | N1: V51 | O1: Mn55 | P1: Fe57 | Q1: As75 | R1: Rb85 | S1: Sr88 | T1: Y89 | U1: Zr90 | V1: Nb93 | W1: Cs133 | X1: Ba138 | Y1: La139 | Z1: Ce140 | AA1: Pr141 | AB1: Nd146 | AC1: Sm147 | AD1: Eu151 | AE1: Gd157 | AF1: Tb159 | AG1: Dy163 | AH1: Ho165 | AI1: Er166 | AJ1: Tm169 | AK1: Yb172 | AL1: Lu175 | AM1: Hf178 | AN1: Ta181 | AO1: Pb208 | AP1: Th232 | AQ1: U238
A2: 1 | B2: 004KL2 | C2: ='Not MDL Filltered'!C2/(Calibration!C$34*'Corrected data'!$A2+Calibration!C$35) -> 5.3586891 | D2: ='Not MDL Filltered'!D2/(Calibration!D$34*'Corrected data'!$A2+Calibration!D$35) -> 14.034235 | E2: ='Not MDL Filltered'!E2/(Calibration!E$34*'Corrected data'!$A2+Calibration!E$35) -> 17373.611 | F2: ='Not MDL Filltered'!F2/(Calibration!F$34*'Corrected data'!$A2+Calibration!F$35) -> 43947.558 | G2: ='Not MDL Filltered'!G2/(Calibration!G$34*'Corrected data'!$A2+Calibration!G$35) -> 67951.036 | H2: ='Not MDL Filltered'!H2/(Calibration!H$34*'Corrected data'!$A2+Calibration!H$35) -> 225996.7 | I2: ='Not MDL Filltered'!I2/(Calibration!I$34*'Corrected data'!$A2+Calibration!I$35) -> 950.27623 | J2: ='Not MDL Filltered'!J2/(Calibration!J$34*'Corrected data'!$A2+Calibration!J$35) -> 4198.5546 | ... AQ2: ='Not MDL Filltered'!AQ2/(Calibration!AQ$34*'Corrected data'!$A2+Calibration!AQ$35) -> 0.70797947
A3: 2 | B3: 005KL2 | C3: ='Not MDL Filltered'!C3/(Calibration!C$34*'Corrected data'!$A3+Calibration!C$35) -> 5.3673236 | D3: ='Not MDL Filltered'!D3/(Calibration!D$34*'Corrected data'!$A3+Calibration!D$35) -> 3.1633114 | E3: ='Not MDL Filltered'!E3/(Calibration!E$34*'Corrected data'!$A3+Calibration!E$35) -> 17526.546 | F3: ='Not MDL Filltered'!F3/(Calibration!F$34*'Corrected data'!$A3+Calibration!F$35) -> 45575.071 | G3: ='Not MDL Filltered'!G3/(Calibration!G$34*'Corrected data'!$A3+Calibration!G$35) -> 69577.215 | H3: ='Not MDL Filltered'!H3/(Calibration!H$34*'Corrected data'!$A3+Calibration!H$35) -> 231815.27 | I3: ='Not MDL Filltered'!I3/(Calibration!I$34*'Corrected data'!$A3+Calibration!I$35) -> 894.21929 | J3: ='Not MDL Filltered'!J3/(Calibration!J$34*'Corrected data'!$A3+Calibration!J$35) -> 4021.1048 | ... AQ3: ='Not MDL Filltered'!AQ3/(Calibration!AQ$34*'Corrected data'!$A3+Calibration!AQ$35) -> 0.62006992
A4: 3 | B4: 006KL2 | C4: ='Not MDL Filltered'!C4/(Calibration!C$34*'Corrected data'!$A4+Calibration!C$35) -> 5.3759529 | D4: ='Not MDL Filltered'!D4/(Calibration!D$34*'Corrected data'!$A4+Calibration!D$35) -> 2.6277631 | E4: ='Not MDL Filltered'!E4/(Calibration!E$34*'Corrected data'!$A4+Calibration!E$35) -> 18422.423 | F4: ='Not MDL Filltered'!F4/(Calibration!F$34*'Corrected data'!$A4+Calibration!F$35) -> 46804.125 | G4: ='Not MDL Filltered'!G4/(Calibration!G$34*'Corrected data'!$A4+Calibration!G$35) -> 72075.573 | H4: ='Not MDL Filltered'!H4/(Calibration!H$34*'Corrected data'!$A4+Calibration!H$35) -> 240114.55 | I4: ='Not MDL Filltered'!I4/(Calibration!I$34*'Corrected data'!$A4+Calibration!I$35) -> 930.70158 | J4: ='Not MDL Filltered'!J4/(Calibration!J$34*'Corrected data'!$A4+Calibration!J$35) -> 4087.064 | ... AQ4: ='Not MDL Filltered'!AQ4/(Calibration!AQ$34*'Corrected data'!$A4+Calibration!AQ$35) -> 0.63784998
A5: 4 | B5: 007BM90 | C5: ='Not MDL Filltered'!C5/(Calibration!C$34*'Corrected data'!$A5+Calibration!C$35) -> 2.0757338 | D5: ='Not MDL Filltered'!D5/(Calibration!D$34*'Corrected data'!$A5+Calibration!D$35) -> 2.1099288 | E5: ='Not MDL Filltered'!E5/(Calibration!E$34*'Corrected data'!$A5+Calibration!E$35) -> 886.34728 | F5: ='Not MDL Filltered'!F5/(Calibration!F$34*'Corrected data'!$A5+Calibration!F$35) -> 210891.35 | G5: ='Not MDL Filltered'!G5/(Calibration!G$34*'Corrected data'!$A5+Calibration!G$35) -> 12472.072 | H5: ='Not MDL Filltered'!H5/(Calibration!H$34*'Corrected data'!$A5+Calibration!H$35) -> 240386.45 | I5: ='Not MDL Filltered'!I5/(Calibration!I$34*'Corrected data'!$A5+Calibration!I$35) -> 17.923662 | J5: ='Not MDL Filltered'!J5/(Calibration!J$34*'Corrected data'!$A5+Calibration!J$35) -> #VALUE! | ... AQ5: ='Not MDL Filltered'!AQ5/(Calibration!AQ$34*'Corrected data'!$A5+Calibration!AQ$35) -> 0.094127207
A6: 5 | B6: 008BM90 | C6: ='Not MDL Filltered'!C6/(Calibration!C$34*'Corrected data'!$A6+Calibration!C$35) -> 1.7669136 | D6: ='Not MDL Filltered'!D6/(Calibration!D$34*'Corrected data'!$A6+Calibration!D$35) -> 2.2131417 | E6: ='Not MDL Filltered'!E6/(Calibration!E$34*'Corrected data'!$A6+Calibration!E$35) -> 882.65653 | F6: ='Not MDL Filltered'!F6/(Calibration!F$34*'Corrected data'!$A6+Calibration!F$35) -> 211005.12 | G6: ='Not MDL Filltered'!G6/(Calibration!G$34*'Corrected data'!$A6+Calibration!G$35) -> 12026.909 | H6: ='Not MDL Filltered'!H6/(Calibration!H$34*'Corrected data'!$A6+Calibration!H$35) -> 240282.83 | I6: ='Not MDL Filltered'!I6/(Calibration!I$34*'Corrected data'!$A6+Calibration!I$35) -> 17.349402 | J6: ='Not MDL Filltered'!J6/(Calibration!J$34*'Corrected data'!$A6+Calibration!J$35) -> #VALUE! | ... AQ6: ='Not MDL Filltered'!AQ6/(Calibration!AQ$34*'Corrected data'!$A6+Calibration!AQ$35) -> 0.079593133
A7: 6 | B7: 009GOR132 | C7: ='Not MDL Filltered'!C7/(Calibration!C$34*'Corrected data'!$A7+Calibration!C$35) -> 9.1091338 | D7: ='Not MDL Filltered'!D7/(Calibration!D$34*'Corrected data'!$A7+Calibration!D$35) -> 14.65576 | E7: ='Not MDL Filltered'!E7/(Calibration!E$34*'Corrected data'!$A7+Calibration!E$35) -> 6776.2181 | F7: ='Not MDL Filltered'!F7/(Calibration!F$34*'Corrected data'!$A7+Calibration!F$35) -> 144735.11 | G7: ='Not MDL Filltered'!G7/(Calibration!G$34*'Corrected data'!$A7+Calibration!G$35) -> 57430.594 | H7: ='Not MDL Filltered'!H7/(Calibration!H$34*'Corrected data'!$A7+Calibration!H$35) -> 217443.43 | I7: ='Not MDL Filltered'!I7/(Calibration!I$34*'Corrected data'!$A7+Calibration!I$35) -> 115.34531 | J7: ='Not MDL Filltered'!J7/(Calibration!J$34*'Corrected data'!$A7+Calibration!J$35) -> 189.76208 | ... AQ7: ='Not MDL Filltered'!AQ7/(Calibration!AQ$34*'Corrected data'!$A7+Calibration!AQ$35) -> 0.056280953
A8: 7 | B8: 010GOR132 | C8: ='Not MDL Filltered'!C8/(Calibration!C$34*'Corrected data'!$A8+Calibration!C$35) -> 9.2295346 | D8: ='Not MDL Filltered'!D8/(Calibration!D$34*'Corrected data'!$A8+Calibration!D$35) -> 14.051576 | E8: ='Not MDL Filltered'!E8/(Calibration!E$34*'Corrected data'!$A8+Calibration!E$35) -> 6416.1248 | F8: ='Not MDL Filltered'!F8/(Calibration!F$34*'Corrected data'!$A8+Calibration!F$35) -> 140095.27 | G8: ='Not MDL Filltered'!G8/(Calibration!G$34*'Corrected data'!$A8+Calibration!G$35) -> 56405.881 | H8: ='Not MDL Filltered'!H8/(Calibration!H$34*'Corrected data'!$A8+Calibration!H$35) -> 211018.7 | I8: ='Not MDL Filltered'!I8/(Calibration!I$34*'Corrected data'!$A8+Calibration!I$35) -> 108.84773 | J8: ='Not MDL Filltered'!J8/(Calibration!J$34*'Corrected data'!$A8+Calibration!J$35) -> 165.25589 | ... AQ8: ='Not MDL Filltered'!AQ8/(Calibration!AQ$34*'Corrected data'!$A8+Calibration!AQ$35) -> 0.072708412
A9: 8 | B9: 011GOR128 | C9: ='Not MDL Filltered'!C9/(Calibration!C$34*'Corrected data'!$A9+Calibration!C$35) -> 10.386454 | D9: ='Not MDL Filltered'!D9/(Calibration!D$34*'Corrected data'!$A9+Calibration!D$35) -> 17.879493 | E9: ='Not MDL Filltered'!E9/(Calibration!E$34*'Corrected data'!$A9+Calibration!E$35) -> 4670.3567 | F9: ='Not MDL Filltered'!F9/(Calibration!F$34*'Corrected data'!$A9+Calibration!F$35) -> 149758.26 | G9: ='Not MDL Filltered'!G9/(Calibration!G$34*'Corrected data'!$A9+Calibration!G$35) -> 50546.243 | H9: ='Not MDL Filltered'!H9/(Calibration!H$34*'Corrected data'!$A9+Calibration!H$35) -> 212701.17 | I9: ='Not MDL Filltered'!I9/(Calibration!I$34*'Corrected data'!$A9+Calibration!I$35) -> 84.261012 | J9: ='Not MDL Filltered'!J9/(Calibration!J$34*'Corrected data'!$A9+Calibration!J$35) -> 246.93949 | ... AQ9: ='Not MDL Filltered'!AQ9/(Calibration!AQ$34*'Corrected data'!$A9+Calibration!AQ$35) -> 0.011987206
A10: 9 | B10: 012GOR128 | C10: ='Not MDL Filltered'!C10/(Calibration!C$34*'Corrected data'!$A10+Calibration!C$35) -> 11.419542 | D10: ='Not MDL Filltered'!D10/(Calibration!D$34*'Corrected data'!$A10+Calibration!D$35) -> 20.437777 | E10: ='Not MDL Filltered'!E10/(Calibration!E$34*'Corrected data'!$A10+Calibration!E$35) -> 5396.5321 | F10: ='Not MDL Filltered'!F10/(Calibration!F$34*'Corrected data'!$A10+Calibration!F$35) -> 206370.55 | G10: ='Not MDL Filltered'!G10/(Calibration!G$34*'Corrected data'!$A10+Calibration!G$35) -> 54959.746 | H10: ='Not MDL Filltered'!H10/(Calibration!H$34*'Corrected data'!$A10+Calibration!H$35) -> 246150.79 | I10: ='Not MDL Filltered'!I10/(Calibration!I$34*'Corrected data'!$A10+Calibration!I$35) -> 91.934596 | J10: ='Not MDL Filltered'!J10/(Calibration!J$34*'Corrected data'!$A10+Calibration!J$35) -> 243.44499 | ... AQ10: ='Not MDL Filltered'!AQ10/(Calibration!AQ$34*'Corrected data'!$A10+Calibration!AQ$35) -> 0.0065871079
A11: 10 | B11: 013BCR2G | C11: ='Not MDL Filltered'!C11/(Calibration!C$34*'Corrected data'!$A11+Calibration!C$35) -> 7.805576 | D11: ='Not MDL Filltered'!D11/(Calibration!D$34*'Corrected data'!$A11+Calibration!D$35) -> 3.5502905 | E11: ='Not MDL Filltered'!E11/(Calibration!E$34*'Corrected data'!$A11+Calibration!E$35) -> 22882.764 | F11: ='Not MDL Filltered'!F11/(Calibration!F$34*'Corrected data'!$A11+Calibration!F$35) -> 21012.046 | G11: ='Not MDL Filltered'!G11/(Calibration!G$34*'Corrected data'!$A11+Calibration!G$35) -> 71802.48 | H11: ='Not MDL Filltered'!H11/(Calibration!H$34*'Corrected data'!$A11+Calibration!H$35) -> 237021.18 | I11: ='Not MDL Filltered'!I11/(Calibration!I$34*'Corrected data'!$A11+Calibration!I$35) -> 1236.786 | J11: ='Not MDL Filltered'!J11/(Calibration!J$34*'Corrected data'!$A11+Calibration!J$35) -> 14150.992 | ... AQ11: ='Not MDL Filltered'!AQ11/(Calibration!AQ$34*'Corrected data'!$A11+Calibration!AQ$35) -> 1.7535447
A12: 11 | B12: 014BCR2G | C12: ='Not MDL Filltered'!C12/(Calibration!C$34*'Corrected data'!$A12+Calibration!C$35) -> 7.5981055 | D12: ='Not MDL Filltered'!D12/(Calibration!D$34*'Corrected data'!$A12+Calibration!D$35) -> 4.8179713 | E12: ='Not MDL Filltered'!E12/(Calibration!E$34*'Corrected data'!$A12+Calibration!E$35) -> 23102.062 | F12: ='Not MDL Filltered'!F12/(Calibration!F$34*'Corrected data'!$A12+Calibration!F$35) -> 20657.841 | G12: ='Not MDL Filltered'!G12/(Calibration!G$34*'Corrected data'!$A12+Calibration!G$35) -> 70902.404 | H12: ='Not MDL Filltered'!H12/(Calibration!H$34*'Corrected data'!$A12+Calibration!H$35) -> 242511.63 | I12: ='Not MDL Filltered'!I12/(Calibration!I$34*'Corrected data'!$A12+Calibration!I$35) -> 1337.0798 | J12: ='Not MDL Filltered'!J12/(Calibration!J$34*'Corrected data'!$A12+Calibration!J$35) -> 14391.179 | ... AQ12: ='Not MDL Filltered'!AQ12/(Calibration!AQ$34*'Corrected data'!$A12+Calibration!AQ$35) -> 1.8818279
A13: 12 | B13: 015MC22-1-16 | C13: ='Not MDL Filltered'!C13/(Calibration!C$34*'Corrected data'!$A13+Calibration!C$35) -> 5.2278623 | D13: ='Not MDL Filltered'!D13/(Calibration!D$34*'Corrected data'!$A13+Calibration!D$35) -> 1.4850426 | E13: ='Not MDL Filltered'!E13/(Calibration!E$34*'Corrected data'!$A13+Calibration!E$35) -> 20858.387 | F13: ='Not MDL Filltered'!F13/(Calibration!F$34*'Corrected data'!$A13+Calibration!F$35) -> 235808.28 | G13: ='Not MDL Filltered'!G13/(Calibration!G$34*'Corrected data'!$A13+Calibration!G$35) -> 68088.747 | H13: ='Not MDL Filltered'!H13/(Calibration!H$34*'Corrected data'!$A13+Calibration!H$35) -> 283274.3 | I13: ='Not MDL Filltered'!I13/(Calibration!I$34*'Corrected data'!$A13+Calibration!I$35) -> 2487.5253 | J13: ='Not MDL Filltered'!J13/(Calibration!J$34*'Corrected data'!$A13+Calibration!J$35) -> 9763.9049 | ... AQ13: ='Not MDL Filltered'!AQ13/(Calibration!AQ$34*'Corrected data'!$A13+Calibration!AQ$35) -> 2.0533605
... A79: 78 | B79: 083KL2 | C79: ='Not MDL Filltered'!C79/(Calibration!C$34*'Corrected data'!$A79+Calibration!C$35) -> 5.3452364 | D79: ='Not MDL Filltered'!D79/(Calibration!D$34*'Corrected data'!$A79+Calibration!D$35) -> 3.4509618 | E79: ='Not MDL Filltered'!E79/(Calibration!E$34*'Corrected data'!$A79+Calibration!E$35) -> 18381.467 | F79: ='Not MDL Filltered'!F79/(Calibration!F$34*'Corrected data'!$A79+Calibration!F$35) -> 47227.322 | G79: ='Not MDL Filltered'!G79/(Calibration!G$34*'Corrected data'!$A79+Calibration!G$35) -> 75357.035 | H79: ='Not MDL Filltered'!H79/(Calibration!H$34*'Corrected data'!$A79+Calibration!H$35) -> 232149.33 | I79: ='Not MDL Filltered'!I79/(Calibration!I$34*'Corrected data'!$A79+Calibration!I$35) -> 1003.7228 | J79: ='Not MDL Filltered'!J79/(Calibration!J$34*'Corrected data'!$A79+Calibration!J$35) -> 4073.3025 | ... AQ79: ='Not MDL Filltered'!AQ79/(Calibration!AQ$34*'Corrected data'!$A79+Calibration!AQ$35) -> 0.54954801
B81: KL2-G | C81: 5.1 | D81: 2.73 | E81: 17433.808 | F81: 44263.274 | G81: 70391.738 | H81: 235125.12 | I81: 1012.5146 | J81: 3984.7211 | K81: 77901.849 | L81: 31.8 | M81: 15343.332 | N81: 309 | O81: 1277.862 | P81: 83172.081 | Q81: 0.17 | R81: 8.7 | S81: 356 | T81: 25.4 | U81: 152 | V81: 15 | W81: 0.115 | X81: 123 | Y81: 13.1 | Z81: 32.4 | AA81: 4.6 | AB81: 21.6 | AC81: 5.54 | AD81: 1.92 | AE81: 5.92 | AF81: 0.89 | AG81: 5.22 | AH81: 0.961 | AI81: 2.54 | AJ81: 0.331 | AK81: 2.1 | AL81: 0.285 | AM81: 3.93 | AN81: 0.961 | AO81: 2.07 | AP81: 1.02 | AQ81: 0.548
B82: Average KL2 | C82: =AVERAGE(C3:C4,C22:C24,C38,C40:C42,C60:C63,C77:C79) -> 5.1141457 | D82: =AVERAGE(D3:D4,D22:D24,D38,D40:D42,D60:D63,D77:D79) -> 2.7712393 | E82: =AVERAGE(E3:E4,E22:E24,E38,E40:E42,E60:E63,E77:E79) -> 17541.976 | F82: =AVERAGE(F3:F4,F22:F24,F38,F40:F42,F60:F63,F77:F79) -> 44539.363 | G82: =AVERAGE(G3:G4,G22:G24,G38,G40:G42,G60:G63,G77:G79) -> 70677.587 | H82: =AVERAGE(H3:H4,H22:H24,H38,H40:H42,H60:H63,H77:H79) -> 234236.06 | I82: =AVERAGE(I3:I4,I22:I24,I38,I40:I42,I60:I63,I77:I79) -> 1004.5336 | J82: =AVERAGE(J3:J4,J22:J24,J38,J40:J42,J60:J63,J77:J79) -> 3979.3565 | ... AQ82: =AVERAGE(AQ3:AQ4,AQ22:AQ24,AQ38,AQ40:AQ42,AQ60:AQ63,AQ77:AQ79) -> 0.55537519
B83: DevFromStd | C83: =ABS((C82-C81))/C81 -> 0.0027736621 | D83: =ABS((D82-D81))/D81 -> 0.015105961 | E83: =ABS((E82-E81))/E81 -> 0.0062044755 | F83: =ABS((F82-F81))/F81 -> 0.0062374252 | G83: =ABS((G82-G81))/G81 -> 0.0040608379 | H83: =ABS((H82-H81))/H81 -> 0.003781255 | I83: =ABS((I82-I81))/I81 -> 0.0078823104 | J83: =ABS((J82-J81))/J81 -> 0.0013462822 | ... AQ83: =ABS((AQ82-AQ81))/AQ81 -> 0.013458375
B84: StdDev | C84: =STDEV((C3:C4,C22:C24,C38,C40:C42,C60:C63,C77:C79)) -> 0.28850813 | D84: =STDEV((D3:D4,D22:D24,D38,D40:D42,D60:D63,D77:D79)) -> 0.36902066 | E84: =STDEV((E2:E4,E22:E24,E38,E40:E42,E60:E63,E77:E79)) -> 884.55697 | F84: =STDEV((F2:F4,F22:F24,F38,F40:F42,F60:F63,F77:F79)) -> 1868.019 | G84: =STDEV((G2:G4,G22:G24,G38,G40:G42,G60:G63,G77:G79)) -> 2542.8322 | H84: =STDEV((H2:H4,H22:H24,H38,H40:H42,H60:H63,H77:H79)) -> 6530.0102 | I84: =STDEV((I2:I4,I22:I24,I38,I40:I42,I60:I63,I77:I79)) -> 58.410301 | J84: =STDEV((J2:J4,J22:J24,J38,J40:J42,J60:J63,J77:J79)) -> 112.3563 | K84: =STDEV((K2:K4,K22:K24,K38,K40:K42,K60:K63,K77:K79)) -> 0.0051748336 | L84: =STDEV((L2:L4,L22:L24,L38,L40:L42,L60:L63,L77:L79)) -> 0.69576766 | ... AQ84: =STDEV((AQ2:AQ4,AQ22:AQ24,AQ38,AQ40:AQ42,AQ60:AQ63,AQ77:AQ79)) -> 0.058541664
B85: StdDev % | C85: =C84/C82 -> 0.056413749 | D85: =D84/D82 -> 0.13316088 | E85: =E84/E82 -> 0.050425162 | F85: =F84/F82 -> 0.041940855 | G85: =G84/G82 -> 0.035977914 | H85: =H84/H82 -> 0.027877904 | I85: =I84/I82 -> 0.058146685 | J85: =J84/J82 -> 0.028234792 | ... AQ85: =AQ84/AQ82 -> 0.10540922
B86: 2RSD% | C86: =2*C84/C82 -> 0.1128275 | D86: =2*D84/D82 -> 0.26632176 | E86: =2*E84/E82 -> 0.10085032 | F86: =2*F84/F82 -> 0.083881711 | G86: =2*G84/G82 -> 0.071955828 | H86: =2*H84/H82 -> 0.055755807 | I86: =2*I84/I82 -> 0.11629337 | J86: =2*J84/J82 -> 0.056469583 | ... AQ86: =2*AQ84/AQ82 -> 0.21081843
B89: BM90/21-G | C89: 2.2 | D89: 4.2 | E89: 853.14381 | F89: 206843.37 | G89: 12331.786 | H89: 248213.6 | I89: 1.7457148 | J89: 30.881588 | K89: 15008.613 | L89: 13.3 | M89: 371.59632 | N89: 61 | O89: 844.16341 | P89: 52857.024 | Q89: 0.03 | R89: 0.374 | S89: 0.78 | T89: 2.18 | U89: 20 | V89: 0.039 | W89: 1.07 | X89: 0.533 | Y89: 0.223 | Z89: 0.471 | AA89: 0.075 | AB89: 0.367 | AC89: 0.147 | AD89: 0.053 | AE89: 0.253 | AF89: 0.051 | AG89: 0.361 | AH89: 0.083 | AI89: 0.264 | AJ89: 0.041 | AK89: 0.28 | AL89: 0.045 | AM89: 0.52 | AN89: 0.0031 | AO89: 0.57 | AP89: 0.054 | AQ89: 0.084
B90: Average BM90 | C90: =AVERAGE(C5:C6) -> 1.9213237 | D90: =AVERAGE(D5:D6) -> 2.1615352 | E90: =AVERAGE(E5:E6) -> 884.5019 | F90: =AVERAGE(F5:F6) -> 210948.23 | G90: =AVERAGE(G5:G6) -> 12249.491 | H90: =AVERAGE(H5:H6) -> 240334.64 | I90: =AVERAGE(I5:I6) -> 17.636532 | J90: =AVERAGE(J5:J6) -> #VALUE! | ... AQ90: =AVERAGE(AQ5:AQ6) -> 0.08686017
B91: DevFromStd | C91: =ABS(C90-C89)/C89 -> 0.12667105 | D91: =ABS(D90-D89)/D89 -> 0.48534876 | E91: =ABS(E90-E89)/E89 -> 0.036755934 | F91: =ABS(F90-F89)/F89 -> 0.019845299 | G91: =ABS(G90-G89)/G89 -> 0.0066734151 | H91: =ABS(H90-H89)/H89 -> 0.031742674 | I91: =ABS(I90-I89)/I89 -> 9.1027567 | J91: =ABS(J90-J89)/J89 -> #VALUE! | ... AQ91: =ABS(AQ90-AQ89)/AQ89 -> 0.034049646
B92: StdDev | C92: =STDEV(C5:C6) -> 0.21836889 | D92: =STDEV(D5:D6) -> 0.072982558 | E92: =STDEV(E5:E6) -> 2.6097582 | F92: =STDEV(F5:F6) -> 80.446699 | G92: =STDEV(G5:G6) -> 314.77785 | H92: =STDEV(H5:H6) -> 73.267218 | I92: =STDEV(I5:I6) -> 0.40606328 | J92: =STDEV(J5:J6) -> #VALUE! | ... AQ92: =STDEV(AQ5:AQ6) -> 0.010277142
B93: StdDev % | C93: =C92/C90 -> 0.11365544 | D93: =D92/D90 -> 0.033764223 | E93: =E92/E90 -> 0.0029505399 | F93: =F92/F90 -> 0.00038135754 | G93: =G92/G90 -> 0.02569722 | H93: =H92/H90 -> 0.00030485501 | I93: =I92/I90 -> 0.023023987 | J93: =J92/J90 -> #VALUE! | ... AQ93: =AQ92/AQ90 -> 0.11831824
B94: 2RSD% | C94: =(2*C92)/C90 -> 0.22731089 | D94: =(2*D92)/D90 -> 0.067528446 | E94: =(2*E92)/E90 -> 0.0059010798 | F94: =(2*F92)/F90 -> 0.00076271508 | G94: =(2*G92)/G90 -> 0.05139444 | H94: =(2*H92)/H90 -> 0.00060971002 | I94: =(2*I92)/I90 -> 0.046047974 | J94: =(2*J92)/J90 -> #VALUE! | ... AQ94: =(2*AQ92)/AQ90 -> 0.23663648
B97: GOR128-G | C97: 10.4 | D97: 23.5 | E97: 4258.3004 | F97: 156790.89 | G97: 52449.784 | H97: 215492.41 | I97: 109.10718 | J97: 298.85408 | K97: 44597.022 | L97: 32.1 | M97: 1726.1248 | N97: 189 | O97: 1363.0528 | P97: 76254.03 | Q97: 0.1 | R97: 0.406 | S97: 30 | T97: 11.8 | U97: 10 | V97: 0.099 | W97: 0.24 | X97: 1.06 | Y97: 0.121 | Z97: 0.45 | AA97: 0.1 | AB97: 0.784 | AC97: 0.525 | AD97: 0.264 | AE97: 1.17 | AF97: 0.248 | AG97: 1.98 | AH97: 0.443 | AI97: 1.4 | AJ97: 0.204 | AK97: 1.41 | AL97: 0.206 | AM97: 0.349 | AN97: 0.019 | AO97: 0.345 | AP97: 0.008 | AQ97: 0.0121
B98: Average GOR128 | C98: =AVERAGE(C9:C10,C43,C65) -> 10.229497 | D98: =AVERAGE(D9:D10,D43,D65) -> 20.142901 | E98: =AVERAGE(E9:E10,E43,E65) -> 4775.5247 | F98: =AVERAGE(F9:F10,F43,F65) -> 168020.63 | G98: =AVERAGE(G9:G10,G43,G65) -> 53342.567 | H98: =AVERAGE(H9:H10,H43,H65) -> 216604.9 | I98: =AVERAGE(I9:I10,I43,I65) -> 83.069435 | J98: =AVERAGE(J9:J10,J43,J65) -> 225.89127 | ... AQ98: =AVERAGE(AQ9:AQ10,AQ43,AQ65) -> 0.0084397567
B99: DevFromStd | C99: =ABS(C98-C97)/C97 -> 0.016394527 | D99: =ABS(D98-D97)/D97 -> 0.14285527 | E99: =ABS(E98-E97)/E97 -> 0.12146261 | F99: =ABS(F98-F97)/F97 -> 0.07162243 | G99: =ABS(G98-G97)/G97 -> 0.017021678 | H99: =ABS(H98-H97)/H97 -> 0.0051625536 | I99: =ABS(I98-I97)/I97 -> 0.23864371 | J99: =ABS(J98-J97)/J97 -> 0.24414193 | ... AQ99: =ABS(AQ98-AQ97)/AQ97 -> 0.30249945
B100: StdDev | C100: =STDEV(C9:C10,C43,C65) -> 0.89559899 | D100: =STDEV(D9:D10,D43,D65) -> 2.2390212 | E100: =STDEV(E9:E10,E43,E65) -> 424.57156 | F100: =STDEV(F9:F10,F43,F65) -> 28704.583 | G100: =STDEV(G9:G10,G43,G65) -> 2323.1181 | H100: =STDEV(H9:H10,H43,H65) -> 21040.66 | I100: =STDEV(I9:I10,I43,I65) -> 6.7255508 | J100: =STDEV(J9:J10,J43,J65) -> 22.337117 | ... AQ100: =STDEV(AQ9:AQ10,AQ43,AQ65) -> 0.0030452498
B101: StdDev % | C101: =C100/C98 -> 0.087550639 | D101: =D100/D98 -> 0.11115684 | E101: =E100/E98 -> 0.08890574 | F101: =F100/F98 -> 0.17083963 | G101: =G100/G98 -> 0.043550925 | H101: =H100/H98 -> 0.09713843 | I101: =I100/I98 -> 0.080963002 | J101: =J100/J98 -> 0.098884378 | ... AQ101: =AQ100/AQ98 -> 0.36082199
B102: 2RSD% | C102: =2*C100/C98 -> 0.17510128 | D102: =2*D100/D98 -> 0.22231368 | E102: =2*E100/E98 -> 0.17781148 | F102: =2*F100/F98 -> 0.34167926 | G102: =2*G100/G98 -> 0.08710185 | H102: =2*H100/H98 -> 0.19427686 | I102: =2*I100/I98 -> 0.161926 | J102: =2*J100/J98 -> 0.19776876 | ... AQ102: =2*AQ100/AQ98 -> 0.72164399
B105: GOR132-G | C105: 8.9 | D105: 17.2 | E105: 6157.4727 | F105: 135081.38 | G105: 58218.731 | H105: 212687.74 | I105: 157.11433 | J105: 255.68627 | K105: 60391.801 | L105: 36.5 | M105: 1834.0076 | N105: 214 | O105: 1192.6712 | P105: 78508.226 | Q105: 0.16 | R105: 2.1 | S105: 15.3 | T105: 12.9 | U105: 9.9 | V105: 0.073 | W105: 7.45 | X105: 0.815 | Y105: 0.0842 | Z105: 0.393 | AA105: 0.089 | AB105: 0.689 | AC105: 0.508 | AD105: 0.255 | AE105: 1.19 | AF105: 0.269 | AG105: 2.15 | AH105: 0.507 | AI105: 1.56 | AJ105: 0.234 | AK105: 1.61 | AL105: 0.237 | AM105: 0.357 | AN105: 0.031 | AO105: 19.5 | AP105: 0.009 | AQ105: 0.048
B106: Average GOR132 | C106: =AVERAGE(C7:C8,C39,C64) -> 9.1461372 | D106: =AVERAGE(D7:D8,D39,D64) -> 16.029951 | E106: =AVERAGE(E7:E8,E39,E64) -> 6545.5524 | F106: =AVERAGE(F7:F8,F39,F64) -> 143025.41 | G106: =AVERAGE(G7:G8,G39,G64) -> 57434.25 | H106: =AVERAGE(H7:H8,H39,H64) -> 209993.31 | I106: =AVERAGE(I7:I8,I39,I64) -> 114.79846 | J106: =AVERAGE(J7:J8,J39,J64) -> 173.79557 | ... AQ106: =AVERAGE(AQ7:AQ8,AQ39,AQ64) -> 0.059893933
B107: DevFromStd | C107: =ABS(C106-C105)/C105 -> 0.027655869 | D107: =ABS(D106-D105)/D105 -> 0.068026089 | E107: =ABS(E106-E105)/E105 -> 0.063025806 | F107: =ABS(F106-F105)/F105 -> 0.05880924 | G107: =ABS(G106-G105)/G105 -> 0.013474706 | H107: =ABS(H106-H105)/H105 -> 0.012668445 | I107: =ABS(I106-I105)/I105 -> 0.26933175 | J107: =ABS(J106-J105)/J105 -> 0.32027805 | ... AQ107: =ABS(AQ106-AQ105)/AQ105 -> 0.24779026
B108: StdDev | C108: =STDEV(C7:C8,C39,C64) -> 0.065407133 | D108: =STDEV(D7:D8,D39,D64) -> 2.255792 | E108: =STDEV(E7:E8,E39,E64) -> 196.78188 | F108: =STDEV(F7:F8,F39,F64) -> 3280.4823 | G108: =STDEV(G7:G8,G39,G64) -> 1237.8912 | H108: =STDEV(H7:H8,H39,H64) -> 6055.7717 | I108: =STDEV(I7:I8,I39,I64) -> 6.952189 | J108: =STDEV(J7:J8,J39,J64) -> 11.763678 | ... AQ108: =STDEV(AQ7:AQ8,AQ39,AQ64) -> 0.0087046495
B109: StdDev % | C109: =C108/C106 -> 0.0071513396 | D109: =D108/D106 -> 0.14072357 | E109: =E108/E106 -> 0.030063448 | F109: =F108/F106 -> 0.02293636 | G109: =G108/G106 -> 0.021553188 | H109: =H108/H106 -> 0.028837926 | I109: =I108/I106 -> 0.060559952 | J109: =J108/J106 -> 0.067686872 | ... AQ109: =AQ108/AQ106 -> 0.14533441
B110: 2RSD% | C110: =2*C108/C106 -> 0.014302679 | D110: =2*D108/D106 -> 0.28144714 | E110: =2*E108/E106 -> 0.060126897 | F110: =2*F108/F106 -> 0.045872719 | G110: =2*G108/G106 -> 0.043106377 | H110: =2*H108/H106 -> 0.057675852 | I110: =2*I108/I106 -> 0.1211199 | J110: =2*J108/J106 -> 0.13537374 | ... AQ110: =2*AQ108/AQ106 -> 0.29066883
B113: BCR2-G | C113: 9 | D113: 6 | E113: 23962.213 | F113: 21468.291 | G113: 70920.999 | H113: 254290.39 | I113: 1614.7862 | J113: 14444.614 | K113: 50457.528 | L113: 33 | M113: 13605.22 | N113: 425 | O113: 1471.4775 | P113: 96386.337 | R113: 47 | S113: 342 | T113: 35 | U113: 184 | V113: 12.5 | W113: 1.16 | X113: 683 | Y113: 24.7 | Z113: 53.3 | AA113: 6.7 | AB113: 28.9 | AC113: 6.59 | AD113: 1.97 | AE113: 6.71 | AF113: 1.02 | AG113: 6.44 | AH113: 1.27 | AI113: 3.7 | AJ113: 0.51 | AK113: 3.39 | AL113: 0.503 | AM113: 4.84 | AN113: 0.78 | AO113: 11 | AP113: 5.9 | AQ113: 1.69
B114: Average BCR2 | C114: =AVERAGE(C11:C12,C66) -> 12.339923 | D114: =AVERAGE(D11:D12,D66) -> 8.7866602 | E114: =AVERAGE(E11:E12,E66) -> 27194.399 | F114: =AVERAGE(F11:F12,F66) -> 24476.307 | G114: =AVERAGE(G11:G12,G66) -> 90335.051 | H114: =AVERAGE(H11:H12,H66) -> 275890.06 | I114: =AVERAGE(I11:I12,I66) -> 1940.5754 | J114: =AVERAGE(J11:J12,J66) -> 26836.313 | ... AQ114: =AVERAGE(AQ11:AQ12,AQ66) -> 3.2745894
B115: DevFromStd | C115: =ABS(C114-C113)/C113 -> 0.37110259 | D115: =ABS(D114-D113)/D113 -> 0.46444336 | E115: =ABS(E114-E113)/E113 -> 0.13488677 | F115: =ABS(F114-F113)/F113 -> 0.14011438 | G115: =ABS(G114-G113)/G113 -> 0.27374194 | H115: =ABS(H114-H113)/H113 -> 0.084940961 | I115: =ABS(I114-I113)/I113 -> 0.20175372 | J115: =ABS(J114-J113)/J113 -> 0.85787678 | ... AQ115: =ABS(AQ114-AQ113)/AQ113 -> 0.93762687
B116: StdDev | C116: =STDEV(C11:C12,C25) -> 0.15220641 | D116: =STDEV(D11:D12,D25) -> 0.63429004 | E116: =STDEV(E11:E12,E25) -> 578.175 | F116: =STDEV(F11:F12,F25) -> 447.51938 | G116: =STDEV(G11:G12,G25) -> 719.04709 | H116: =STDEV(H11:H12,H25) -> 5411.1403 | I116: =STDEV(I11:I12,I25) -> 54.73872 | J116: =STDEV(J11:J12,J25) -> 282.62283 | ... AQ116: =STDEV(AQ11:AQ12,AQ25) -> 0.071625827
B117: StdDev % | C117: =C116/C114 -> 0.01233447 | D117: =D116/D114 -> 0.072187843 | E117: =E116/E114 -> 0.021260812 | F117: =F116/F114 -> 0.018283779 | G117: =G116/G114 -> 0.0079597795 | H117: =H116/H114 -> 0.019613393 | I117: =I116/I114 -> 0.028207469 | J117: =J116/J114 -> 0.010531359 | ... AQ117: =AQ116/AQ114 -> 0.021873224
B118: 2RSD% | C118: =2*C116/C114 -> 0.024668939 | D118: =2*D116/D114 -> 0.14437569 | E118: =2*E116/E114 -> 0.042521624 | F118: =2*F116/F114 -> 0.036567557 | G118: =2*G116/G114 -> 0.015919559 | H118: =2*H116/H114 -> 0.039226786 | I118: =2*I116/I114 -> 0.056414939 | J118: =2*J116/J114 -> 0.021062717 | ... AQ118: =2*AQ116/AQ114 -> 0.043746447
